waterbody,date,year,town,latitude,longitude,state,data_source,mult_survey,surfacearea_ha,shoreline_development,depth_max_m,FP_presence,FPcover_avg,FPcover_low_est,FPcover_max,FPcover_min,azolla,eichhornia_crassipes,lemna_minor,lemna_trisulca,lemna_valdiviana,riccia,spirodela_polyrhiza,wolffia,wolffia_borealis,wolffia_brasiliensis,allplant_species_richness,FP_species_richness,nonFP_species_richness,TOTP_avg,PH_avg,COND_avg,ALK_avg,secchi_avg,alisma,alisma_subcordatum,brasenia,cabomba,callitriche,callitriche_hetero,callitriche_stag,cardamine,ceratophyllum_dem,ceratophyllum_echin,charphyte,decodon,egeria,elatine,elatine_ameri,elatine_minima,eleocharis,eleocharis_acic,eleocharis_ellip,elodea_canad,elodea_nutt,eriocaulon_aqua,fil_algae,glossostigma,gratiola,hydrilla,isoetes,isoetes_acad,isoetes_eaton,isoetes_echino,isoetes_engel,isoetes_lacus,isoetes_tuck,juncus,juncus_pelo,lobelia,ludwigia,ludwigia_pal,marsilea,megalodonta,myosotis,myriophyllum,myriophyllum_alt,myriophyllum_aqua,myriophyllum_hetero,myriophyllum_hetero_lax,myriophyllum_hum,myriophyllum_ten,myriophyllum_sibi,myriophyllum_spic,najas_flex,najas_grac,najas_guad,najas_minor,nasturtium,nelumbo,nuphar,nymphaea_odor,nymphaea_odor_tuber,nymphoides,nymphoides_cordata,peltandra,phragmites,polygonum,polygonum_amphi,polygonum_hydro,pontederia,potamogeton,potamogeton_ampli,potamogeton_berch,potamogeton_biculp,potamogeton_conferv,potamogeton_crispus,potamogeton_epi,potamogeton_foli,potamogeton_grami,potamogeton_ilino,potamogeton_ilino_hybrid,potamogeton_natans,potamogeton_nodos,potamogeton_oakes,potamogeton_obtus,potamogeton_palus,potamogeton_perfo,potamogeton_pulch,potamogeton_pusil,potamogeton_prael,potamogeton_rich,potamogeton_robb,potamogeton_spir,potamogeton_zost,proserpinaca,ranunculus,sagittaria,sagittaria_gram,sagittaria_lati,schoenoplectus,sparganium,sparganium_ameri,stuckenia,trapa,typha,typha_latif,sedge,utricularia,utricularia_gemi,utricularia_gibb,utricularia_inter,utricularia_macro,utricularia_mini,utricularia_mino,utricularia_purp,utricularia_radi,utricularia_subu,utricularia_vulg,vallisneria,zannichellia,zosterella,waterbodies_1km,waterbodies_5km ,waterbodies_10km,nearest_LM,nearest_SP,nearest_W,nearest_any_FP,boatlaunch,dist_waterfowl
4H Camp Pond,7/23/2009,2009,Marlborough,41.5904,-72.42655,CT,CAES,N,0.36,1.04,3,N,0,0,0,0,0,0,0,0,0,0,0,0,0,0,0,0,0,0.0165,6.15,91.65,10.9,1.5,0,0,0,0,0,0,0,0,0,0,0,0,0,0,0,0,0,0,0,0,0,0,0,0,0,0,0,0,0,0,0,0,0,0,0,0,0,0,0,0,0,0,0,0,0,0,0,0,0,0,0,0,0,0,0,0,0,0,0,0,0,0,0,0,0,0,0,0,0,0,0,0,0,0,0,0,0,0,0,0,0,0,0,0,0,0,0,0,0,0,0,0,0,0,0,0,0,0,0,0,0,0,0,0,0,0,0,0,0,0,0,0,0,0,0,0,0,0,0,7,58,8438.540515,14377.45935,9735.288984,8438.540515,0,5989.321815
Alexander Lake,7/13/2005,2005,Killingly,41.86072,-71.89911,CT,CAES,N,87.01,1.822,15.545,N,0,0,0,0,0,0,0,0,0,0,0,0,0,0,19,0,19,0.028,5.7,30.25,5.25,5.8,0,0,1,0,0,0,0,0,0,0,0,0,0,1,0,0,0,1,0,0,0,1,0,1,1,0,0,1,0,0,0,0,0,0,0,1,0,0,0,0,0,0,0,0,0,0,1,1,0,0,0,0,1,0,0,0,1,1,0,0,0,0,0,0,0,0,0,0,0,0,1,0,0,1,0,0,0,0,0,0,0,0,0,0,0,1,0,0,0,0,0,0,0,1,0,0,0,0,0,0,0,0,0,0,0,0,0,0,0,0,0,0,0,0,1,1,0,0,0,11,74,5305.1191,5305.1191,5305.1191,5305.1191,0,43245.68589
Amos Lake,combined,comb,Preston,41.51468,-71.97423,CT,CAES,Y,45.73,1.707,14,N,0,0,0,0,0,0,0,0,0,0,0,0,0,0,33,0,33,0.0222,6.73,116.5,40.1,1.65,0,0,1,0,1,0,0,0,1,0,0,1,0,1,0,0,1,0,0,0,0,0,0,1,1,0,1,0,0,0,0,0,0,0,0,0,1,0,0,0,0,0,0,0,1,1,0,1,0,0,1,0,0,0,0,0,1,1,0,0,1,1,1,0,0,0,1,0,0,0,1,0,0,1,1,1,0,0,0,0,0,0,0,0,1,0,0,0,1,0,0,0,0,1,0,0,0,0,0,0,0,1,0,0,0,0,1,0,1,0,0,1,0,0,1,1,0,0,0,15,59,7605.580734,10061.48368,7605.580734,7605.580734,1,6579.873364
Amston Lake,8/22/2006,2006,"Hebron, Lebanon, Colchester",41.62651,-72.33073,CT,CAES,N,75.68,1.777,7.925,N,0,0,0,0,0,0,0,0,0,0,0,0,0,0,16,0,16,0.053,6.7,67.85,13.85,3.5,0,0,1,0,0,0,0,0,0,1,1,0,0,0,0,1,0,1,0,0,1,1,1,0,0,0,0,0,0,0,0,0,0,0,0,0,0,0,0,0,0,0,0,0,0,0,0,1,0,0,1,0,0,0,0,0,1,1,0,0,0,0,0,0,0,0,1,0,1,0,1,0,0,0,0,0,0,0,1,0,0,0,0,0,0,0,0,0,0,0,0,0,0,0,0,0,0,0,0,0,0,0,0,0,0,0,0,0,0,0,0,0,0,0,0,0,0,0,2,16,56,14587.76748,18302.97064,15023.25871,14587.76748,0,1167.600837
Anderson Pond,8/24/2012,2012,North Stonington,41.50827,-71.89536,CT,CAES,Y,22.91,1.924,2.286,N,0,0,0,0,0,0,0,0,0,0,0,0,0,0,29,0,29,0.0998,6.15,59.5,9.8,1.3,0,0,1,1,1,0,0,0,0,1,0,0,0,1,0,0,1,0,0,1,0,1,0,0,1,0,1,0,0,0,0,0,0,0,0,0,1,0,0,0,0,0,0,0,1,0,0,0,0,0,1,0,0,1,0,0,1,1,0,0,1,0,0,0,0,0,1,0,0,0,1,0,0,1,1,0,0,0,1,0,0,0,0,0,1,1,0,0,0,0,0,0,0,0,0,0,0,0,0,0,0,0,0,0,0,0,1,0,1,0,0,1,1,0,0,1,0,0,0,8,46,6457.104715,6457.104715,6457.104715,6457.104715,1,12563.50196
Andover Lake,8/14/2008,2008,Andover,41.72207,-72.3592,CT,CAES,N,63.54,1.619,3,N,0,0,0,0,0,0,0,0,0,0,0,0,0,0,13,0,13,0.013,6.3,76.65,13.4,2,0,0,0,0,0,0,0,0,0,0,0,0,0,0,0,1,1,0,0,0,1,0,0,0,0,0,0,0,0,1,0,0,0,0,0,0,0,1,0,0,0,0,0,0,0,0,1,0,0,0,0,0,0,0,0,0,1,0,0,0,0,0,0,0,0,0,1,0,0,0,0,0,0,0,0,0,0,0,0,0,0,0,0,0,0,1,0,0,0,0,0,0,0,0,0,0,0,1,0,0,0,0,0,0,0,0,1,0,0,0,0,0,1,0,0,1,0,0,0,14,53,10761.64253,10761.64253,10761.64253,10761.64253,0,9806.019528
Angus Park Pond,8/4/2005,2005,Glastonbury,41.69298,-72.53177,CT,CAES,N,3.8,1.573,1.2,Y,0.1857,0.2616,0.2616,0.1099,0,0,1,0,0,0,1,0,0,0,12,2,10,0.039,6.2,126.5,30.75,1.2,0,0,0,0,0,1,0,0,0,1,0,0,0,0,0,0,0,0,0,0,1,0,0,0,1,0,0,0,0,0,0,0,0,0,0,0,0,1,0,0,0,0,0,0,0,0,0,0,0,0,0,0,0,0,0,0,1,1,0,0,0,0,0,0,0,0,0,0,0,0,0,0,0,1,0,0,0,0,0,0,0,0,0,0,0,0,0,0,0,0,0,0,1,0,0,0,0,1,0,0,0,0,0,0,0,0,0,0,0,0,0,0,0,0,0,0,0,0,0,12,63,7050.745821,12423.99217,12423.99217,7050.745821,0,6491.334236
Anni's Pond (Kleman's Dam),6/20/2011,2011,Bethany,41.44757,-72.99517,CT,CAES,N,2.19,1.293,3.5,Y,0.0014,0.0014,0.0014,0.0014,0,0,1,0,0,0,0,0,0,0,19,1,18,0.0195,5.95,129.5,131.25,2,0,0,1,0,1,0,0,0,1,0,0,0,0,1,0,0,1,0,0,0,0,0,0,0,0,0,0,0,0,0,0,0,0,0,0,0,0,1,0,0,0,0,0,0,0,0,1,0,0,0,0,1,0,0,0,0,1,1,0,0,0,0,0,0,0,0,1,0,0,0,1,0,0,1,1,0,0,0,0,0,0,0,0,0,0,0,0,0,1,0,0,0,0,1,0,0,0,1,0,0,0,0,0,0,0,0,1,0,0,0,0,0,0,0,0,0,0,0,3,17,73,7233.872182,12417.05334,18503.43877,7233.872182,0,12827.88084
Ashford Lake,7/12/2006,2006,Ashford,41.9005,-72.12765,CT,CAES,N,21.45,1.421,3.658,N,0,0,0,0,0,0,0,0,0,0,0,0,0,0,8,0,8,0.0075,6.2,93,6,1.1,0,0,1,0,0,0,0,0,0,0,0,0,0,0,0,0,0,1,0,0,0,0,0,0,0,0,1,0,0,0,0,0,0,0,0,0,0,0,0,0,0,0,0,0,0,0,0,0,0,0,1,0,0,0,0,0,1,0,0,0,0,0,0,0,0,0,0,0,0,0,0,0,0,0,1,0,0,0,0,0,0,0,0,0,0,0,0,0,0,0,0,0,0,0,0,0,0,1,0,0,0,0,0,0,0,0,0,0,0,0,0,0,1,0,0,0,0,0,2,25,109,20810.37517,6875.878692,24780.91222,6875.878692,0,28084.38966
Avery Pond,9/30/2005,2005,Preston,41.49308,-71.97971,CT,CAES,N,10.4,1.164,2,N,0,0,0,0,0,0,0,0,0,0,0,0,0,0,3,0,3,0.084,5.8,114,27.25,1.2,0,0,0,0,0,0,0,0,0,0,0,0,0,0,0,0,0,0,0,0,0,0,0,0,0,0,0,0,0,0,0,0,0,0,0,0,0,0,0,0,0,0,0,0,0,0,0,0,0,0,0,0,0,0,0,0,1,1,0,0,0,0,0,0,0,0,0,0,0,0,0,0,0,0,0,0,0,0,0,0,0,0,0,0,0,0,0,0,1,0,0,0,0,0,0,0,0,0,0,0,0,0,0,0,0,0,0,0,0,0,0,0,0,0,0,0,0,0,2,17,59,6153.888261,11883.38846,9226.630135,6153.888261,1,5326.625127
Ball Pond,8/17/2005,2005,New Fairfield,41.46259,-73.52383,CT,CAES,N,33.39,1.449,15.545,Y,0.005,0.005,0.005,0.005,0,0,1,0,0,0,0,0,0,0,10,1,9,0.1845,6.95,262.5,58.13,2,0,0,0,0,0,0,0,0,1,0,0,0,0,0,0,0,0,0,0,0,0,0,0,0,0,0,0,0,0,0,0,0,0,0,0,0,0,0,0,0,0,0,0,0,0,0,0,0,0,1,0,0,1,1,0,0,1,1,0,0,0,0,0,0,0,0,0,0,0,0,0,0,0,0,0,1,0,0,0,0,1,0,0,0,0,1,0,0,0,0,0,0,0,0,0,0,0,0,0,0,0,0,0,0,0,0,0,0,0,0,0,0,0,0,0,0,0,0,2,27,76,13626.98613,17076.81101,24837.89713,13626.98613,1,35452.46656
Bantam Pond (Timber Lake),9/27/2005,2005,Torrington,41.79429,-73.19495,CT,CAES,N,10,1.687,2,N,0,0,0,0,0,0,0,0,0,0,0,0,0,0,11,0,11,0.0565,6.8,144,56.25,1.4,0,0,1,1,0,0,0,0,1,0,0,0,0,0,0,0,0,0,0,0,1,0,0,0,0,0,0,0,0,0,0,0,0,0,0,0,0,0,0,0,0,0,0,0,0,0,0,0,0,0,0,0,0,0,0,0,0,1,0,0,0,0,0,0,1,0,0,0,1,0,0,0,0,0,0,0,0,0,1,0,0,0,0,0,0,1,0,0,0,0,1,0,0,0,0,0,0,0,0,0,0,0,0,0,0,0,0,0,0,0,0,0,0,0,1,0,0,0,1,18,61,22899.49188,23608.52616,23784.28921,22899.49188,0,8660.6689
Basserman Pond,6/25/2009,2009,Branford,41.285147,-72.764493,CT,CAES,N,0.04,1.385,3,N,0,0,0,0,0,0,0,0,0,0,0,0,0,0,2,0,2,0.0295,6.35,223.5,69.4,1,0,0,0,0,0,0,0,0,0,0,0,0,0,0,0,0,0,0,0,0,0,0,0,0,0,0,0,0,0,0,0,0,0,0,0,0,0,0,0,0,0,0,0,1,0,0,0,0,0,0,0,0,0,0,0,0,0,0,0,0,0,0,0,0,0,0,0,0,0,0,0,0,0,0,0,0,0,0,0,0,0,0,0,0,0,0,0,0,0,0,0,0,0,1,0,0,0,0,0,0,0,0,0,0,0,0,0,0,0,0,0,0,0,0,0,0,0,0,1,19,57,1876.487538,1876.487538,1876.487538,1876.487538,0,1621.026088
Beach Pond,7/31/2008,2008,"Voluntown, Exeter, RI",41.57596,-71.78904,CT,CAES,N,150.54,1.886,14.5,N,0,0,0,0,0,0,0,0,0,0,0,0,0,0,16,0,16,0.0125,5.6,42.4,1.75,5,0,0,0,0,0,0,0,0,0,0,0,0,0,0,0,1,1,0,0,0,0,0,0,0,1,0,1,0,0,0,0,0,0,0,0,0,0,0,0,0,0,0,0,0,0,0,1,1,0,0,0,0,0,0,0,0,0,1,0,0,0,0,0,0,0,0,0,0,0,0,1,0,0,0,0,0,0,0,0,0,0,0,0,0,0,0,0,0,0,0,0,0,0,1,0,0,0,1,0,0,0,0,0,1,0,0,1,0,0,0,1,1,1,0,1,0,0,0,0,14,64,7139.153565,7139.153565,7139.153565,7139.153565,1,23446.74745
Beaver Dam Lake,7/22/2009,2009,Stratford ,41.25058,-73.14075,CT,CAES,N,23.39,1.935,12,N,0,0,0,0,0,0,0,0,0,0,0,0,0,0,9,0,9,0.0165,6.6,245,32.3,2,0,0,0,0,0,0,0,0,0,0,0,0,0,0,1,0,0,0,0,0,1,0,0,0,0,0,0,0,0,0,0,0,0,0,0,0,0,0,0,0,0,0,0,0,0,0,0,0,0,0,0,0,0,1,0,0,0,1,0,0,0,0,0,0,0,0,1,0,0,0,0,0,0,0,0,0,0,0,0,0,0,0,0,1,0,1,0,0,0,0,0,0,0,1,0,0,0,0,0,0,0,0,0,0,0,0,0,0,0,0,0,0,0,0,0,1,0,0,2,24,97,6214.849998,12777.19583,10958.87522,6214.849998,0,6209.15792
Beaver Pond,7/31/2013,2013,Meriden,41.56859,-72.78691,CT,CAES,N,12.23,1.362,3,Y,0.0024,0.0024,0.0024,0.0024,0,0,1,0,0,0,1,0,0,0,15,2,13,0.0476,7.5,318.5,89.25,2,0,0,0,0,0,0,0,0,1,0,0,1,0,0,0,0,0,0,0,1,1,0,0,0,0,0,0,0,0,0,0,0,0,0,0,0,0,0,0,0,0,0,0,0,0,0,0,0,0,1,0,0,0,0,0,0,1,1,0,0,0,0,0,0,0,0,1,0,1,0,0,0,0,0,0,0,0,0,0,0,0,0,0,0,0,1,0,0,1,0,0,0,0,0,0,0,0,0,0,0,0,1,0,0,0,0,0,0,0,0,0,0,0,0,0,0,0,1,3,26,100,7439.868154,1673.626023,1673.626023,1673.626023,0,8475.794768
Beseck Lake,6/28/2011,2011,Middletown,41.51539,-72.73139,CT,CAES,Y,48.36,1.621,7.315,Y,4.00E-04,4.00E-04,4.00E-04,4.00E-04,0,0,1,0,0,0,0,1,0,0,19,2,17,0.0235,7.4,134,50.25,3,0,0,0,0,1,0,0,0,1,0,0,0,0,0,0,1,0,0,0,0,1,0,0,0,0,0,0,0,0,0,0,0,0,0,0,0,0,0,0,0,0,0,0,0,0,0,0,0,0,1,1,1,0,1,0,0,0,0,0,0,0,0,0,0,0,0,0,0,0,1,1,0,1,0,0,0,0,0,0,0,0,0,0,1,0,0,0,0,0,0,1,0,0,1,0,0,0,1,0,0,0,0,0,0,0,0,0,0,0,0,0,0,0,0,0,1,1,0,1,24,80,5213.668653,5213.668653,5213.668653,5213.668653,1,1838.829161
Bigelow Pond,7/14/2005,2005,Union,41.99266,-72.13085,CT,CAES,N,10.12,1.929,4.69,N,0,0,0,0,0,0,0,0,0,0,0,0,0,0,21,0,21,0.0365,5.95,67.85,10.5,2.5,0,0,1,0,0,0,0,0,0,0,1,0,0,0,0,0,0,1,0,0,1,1,0,0,0,0,1,0,0,0,0,0,0,0,0,0,0,1,0,0,0,0,0,0,0,0,1,0,0,0,1,0,0,0,0,0,1,1,0,0,0,0,0,0,0,0,0,0,0,0,1,0,0,1,0,1,0,0,0,0,0,0,0,0,0,0,0,0,0,0,0,0,0,1,0,0,0,0,0,0,0,0,0,1,0,1,1,0,0,0,0,1,1,0,1,0,0,0,2,34,123,21110.70007,15623.41923,29209.24463,15623.41923,1,29545.32389
Billings Lake,9/22/2005,2005,North Stonington,41.50757,-71.87318,CT,CAES,N,39.42,1.797,10.058,N,0,0,0,0,0,0,0,0,0,0,0,0,0,0,18,0,18,0.0035,5.75,38,4.88,5.4,0,0,1,1,0,0,0,0,0,0,0,0,0,1,0,0,0,1,0,0,0,1,0,0,1,0,1,0,0,0,0,0,0,0,1,0,0,0,0,0,0,0,0,0,1,0,0,0,0,0,0,0,1,0,0,0,1,1,0,0,1,0,0,0,0,0,0,0,0,0,1,0,0,0,0,0,0,0,0,0,0,0,0,0,1,0,0,0,1,0,0,0,0,0,0,0,0,0,0,0,0,0,0,0,0,0,0,0,0,0,0,1,1,0,0,0,0,0,1,10,43,6261.215256,6261.215256,6261.215256,6261.215256,1,14369.07512
Birch Pond,9/1/2005,2005,Darien,41.09058,-73.46373,CT,CAES,Y,0.27,1.121,1,Y,0.1515,0.1987,0.1987,0.1043,0,0,1,0,0,0,0,0,0,0,1,1,0,0.3475,6.2,171,46.88,0.4,0,0,0,0,0,0,0,0,0,0,0,0,0,0,0,0,0,0,0,0,0,0,0,0,0,0,0,0,0,0,0,0,0,0,0,0,0,0,0,0,0,0,0,0,0,0,0,0,0,0,0,0,0,0,0,0,0,0,0,0,0,0,0,0,0,0,0,0,0,0,0,0,0,0,0,0,0,0,0,0,0,0,0,0,0,0,0,0,0,0,0,0,0,0,0,0,0,0,0,0,0,0,0,0,0,0,0,0,0,0,0,0,0,0,0,0,0,0,0,30,74,1292.648659,1558.016942,1292.648659,1292.648659,0,2603.220808
Bissonette Pond,8/28/2006,2006,Willington,41.9231,-72.21908,CT,CAES,N,19.63,1.496,2,N,0,0,0,0,0,0,0,0,0,0,0,0,0,0,20,0,20,0.033,6.75,80.55,13,1,0,0,1,0,0,0,0,0,0,0,1,0,0,0,0,0,0,1,0,0,0,1,0,0,0,0,0,0,0,0,0,0,0,0,0,0,0,1,0,0,0,0,0,0,0,0,0,0,0,0,1,0,0,0,0,0,1,1,0,0,0,0,0,0,0,0,0,0,1,0,0,0,0,1,0,0,0,0,1,0,0,0,0,1,0,1,0,0,0,0,0,1,0,0,0,0,0,0,1,0,0,0,0,1,0,0,1,1,0,0,0,0,1,0,1,0,0,0,0,35,104,12923.39368,12923.39368,1558.016942,12923.39368,0,20617.77224
Black Hall Pond,8/18/2005,2005,Old Lyme,41.34555,-72.29826,CT,CAES,N,5.1,1.282,4.9,N,0,0,0,0,0,0,0,0,0,0,0,0,0,0,16,0,16,0.059,6,127.5,24,2.8,0,0,1,0,0,1,0,0,1,0,0,0,0,0,0,0,0,0,0,0,1,0,0,0,0,0,0,0,0,0,0,0,1,0,0,0,0,0,0,0,0,0,0,0,1,0,0,0,0,0,1,0,0,0,0,0,1,1,0,0,0,0,0,0,0,0,0,0,0,0,1,0,0,1,0,1,0,0,0,0,0,0,0,0,1,0,0,0,0,0,0,0,0,0,0,0,0,0,0,0,0,0,0,0,0,0,1,0,0,0,0,1,1,0,0,0,0,0,4,31,101,10873.80523,6513.931265,24571.92733,6513.931265,0,3963.002015
Black Pond (2),7/25/2005,2005,Woodstock,41.96955,-72.06934,CT,CAES,N,29.7,1.342,7.01,N,0,0,0,0,0,0,0,0,0,0,0,0,0,0,23,0,23,0.0165,5.85,75.9,7.5,3.8,0,0,1,0,1,0,0,0,0,0,1,0,0,0,0,1,1,0,0,0,0,1,0,0,1,0,0,0,0,0,0,0,1,0,0,0,0,0,0,0,0,0,0,0,0,0,0,0,0,0,0,0,1,0,0,0,1,1,0,0,0,0,0,0,0,0,1,0,0,0,1,0,0,0,0,1,0,0,0,0,0,0,0,1,0,1,0,0,1,0,0,0,0,1,0,0,0,0,0,0,0,0,0,0,1,0,1,0,0,0,0,1,1,0,0,1,0,0,4,42,107,23551.37221,10036.45,19810.77481,10036.45,1,33736.94737
Blissville Pond,9/30/2005,2005,Lisbon,41.56374,-72.03777,CT,CAES,N,11.9,2.077,1.7,Y,0.001,0.001,0.001,0.001,0,0,1,0,0,0,0,0,0,1,17,2,15,0.057,5.5,104.5,12.75,1.7,0,0,1,0,0,0,0,0,1,0,0,0,0,0,0,0,0,1,0,0,1,0,0,0,1,0,0,0,0,0,0,0,0,0,0,0,0,1,0,0,0,0,0,0,1,0,0,0,0,0,0,0,0,0,0,0,1,1,0,0,0,0,0,0,1,0,0,0,0,0,1,0,0,0,0,0,0,0,0,0,0,0,0,0,1,0,0,0,0,0,0,0,0,1,0,0,0,0,0,0,0,0,0,0,0,0,1,0,0,0,0,0,0,0,1,0,0,0,1,22,56,13742.89031,13742.89031,23551.37221,13742.89031,0,8525.154576
"Bolton Lake, Lower",combined,comb,Bolton,41.80132,-72.433,CT,CAES,Y,70.82,1.387,6.096,N,0,0,0,0,0,0,0,0,0,0,0,0,0,0,24,0,24,0.0133,5.9,103.9,10.325,3.1,0,0,0,1,1,0,0,0,1,0,1,0,0,1,0,0,1,0,0,0,1,0,0,1,1,0,1,0,0,0,0,0,0,0,0,0,0,0,0,0,0,0,0,0,1,0,0,0,0,0,1,0,1,0,0,0,0,1,0,0,0,0,0,0,0,0,0,0,1,0,1,0,0,0,1,0,0,0,0,0,0,0,0,0,0,1,0,0,0,0,0,0,0,1,0,0,0,1,0,0,0,1,0,0,0,0,0,0,0,0,0,1,1,0,0,1,0,0,1,19,69,2244.150995,2244.150995,13742.89031,2244.150995,1,7095.186463
"Bolton Lake, Middle",combined,comb,Vernon,41.8089,-72.42619,CT,CAES,Y,48.97,1.608,6.096,N,0,0,0,0,0,0,0,0,0,0,0,0,0,0,28,0,28,0.0292,5.875,95.15,10.2,2.9,0,0,1,0,0,0,0,0,1,1,0,0,0,1,0,0,1,0,0,0,1,1,0,0,1,0,1,0,0,0,0,0,0,0,0,0,1,0,0,0,0,0,0,0,1,0,0,0,0,0,1,0,0,1,0,0,1,1,0,0,0,0,0,1,0,0,1,0,1,0,1,0,0,1,0,0,0,0,0,0,0,0,0,0,1,0,0,0,0,0,0,0,0,1,0,0,0,1,0,0,0,0,0,1,0,0,1,0,0,0,0,1,1,0,1,0,0,0,3,18,65,3231.791696,3231.791696,2244.150995,3231.791696,1,6870.599104
"Bolton Lake, Upper",7/18/2005,2005,"Coventry, Tolland, Vernon",41.82184,-72.42102,CT,CAES,N,20.23,1.951,2.286,N,0,0,0,0,0,0,0,0,0,0,0,0,0,0,15,0,15,0.03,4.8,62.05,2.25,0.8,0,0,1,0,0,0,0,0,0,0,0,0,0,0,0,0,0,1,0,0,1,1,0,0,0,0,0,0,0,0,0,0,0,0,0,0,0,0,0,0,0,0,0,0,1,0,0,0,0,0,1,0,0,0,0,0,1,1,0,0,0,0,0,0,0,0,1,0,0,0,0,0,0,1,0,0,0,0,0,0,1,0,0,0,1,1,0,0,0,0,0,0,0,0,0,0,0,0,0,0,0,0,0,0,0,0,0,0,0,0,0,1,0,0,1,0,0,0,2,19,62,4608.327577,4608.327577,3231.791696,4608.327577,1,6333.647118
Bolton Notch Pond,10/4/2011,2011,Bolton,41.78829,-72.45363,CT,CAES,N,8.5,1.456,1.5,Y,0.0017,0.0017,0.0017,0.0017,0,0,1,0,0,0,1,1,0,0,24,3,21,0.0135,5.65,413.5,16.9,1,0,0,1,0,1,0,0,0,0,1,0,1,0,1,0,0,1,0,0,0,1,0,0,0,0,0,0,0,0,0,0,0,0,0,0,0,1,0,0,0,0,1,0,0,0,0,1,0,0,0,1,0,0,0,0,0,0,1,0,0,0,0,0,0,0,0,1,0,0,0,0,0,0,0,0,0,0,0,1,0,0,0,0,0,0,1,0,0,0,0,0,0,0,1,0,0,0,0,0,0,0,1,0,0,0,0,1,0,0,0,1,1,0,0,1,0,0,0,0,18,64,12423.99217,12423.99217,4608.327577,12423.99217,1,5877.80019
Brandegea Lake,7/7/2011,2011,Waterford,41.37191,-72.122,CT,CAES,N,11.94,1.587,3,Y,0.0031,0.0031,0.0031,0.0031,0,0,1,0,0,0,1,0,0,0,18,2,16,0.074,6.4,159,33,1.5,0,0,1,1,0,0,0,0,0,1,0,0,0,0,0,0,1,0,0,0,1,0,0,0,0,0,0,0,0,0,0,0,0,0,0,0,0,0,0,0,0,0,0,0,0,0,1,0,0,0,1,0,0,0,0,0,1,1,0,0,0,0,0,0,1,0,1,0,0,0,1,0,0,1,0,0,0,0,0,0,0,0,0,0,0,0,0,0,0,0,0,0,0,0,0,0,0,0,0,0,0,1,0,0,0,0,1,0,0,0,0,0,1,0,0,0,0,0,5,29,104,14725.67635,9064.465479,26527.72933,9064.465479,0,2608.174289
Branford Supply Pond (East),8/1/2005,2005,North Branford,41.29532,-72.80171,CT,CAES,Y,7.04,1.877,4,Y,0.0281,0.0281,0.0281,0.0281,0,0,0,0,0,0,1,0,0,0,6,1,5,0.2015,6.55,213,90.75,1.5,0,0,1,0,0,0,0,0,1,0,0,0,0,0,0,0,0,0,0,0,0,0,0,0,0,0,0,0,0,0,0,0,0,0,0,0,0,0,0,0,0,0,0,0,0,0,0,0,0,1,0,0,0,0,0,0,1,1,0,0,0,0,0,0,0,0,0,0,0,0,0,0,0,0,0,0,0,0,0,0,0,0,0,0,0,0,0,0,0,0,0,0,0,0,0,0,0,0,0,0,0,0,0,0,0,0,0,0,0,0,0,0,0,0,0,0,0,0,3,25,58,3254.196403,3441.637322,22444.51642,3254.196403,0,2128.622026
"Broad Brook Reservoir, Lower",9/12/2012,2012,East Windsor,41.91115,-72.53823,CT,CAES,N,0.81,1.18,2,N,0,0,0,0,0,0,0,0,0,0,0,0,0,0,7,0,7,0.0366,8.25,236,63.75,2,1,0,0,0,0,0,0,0,0,0,0,0,0,1,0,0,1,0,0,0,1,0,0,0,0,0,0,0,0,0,0,0,0,0,0,0,1,0,0,0,0,0,0,0,0,0,0,0,0,1,0,0,0,0,0,0,0,0,0,0,0,0,0,0,0,0,0,0,0,0,0,0,0,0,0,0,0,0,0,0,0,0,0,0,0,0,0,0,0,0,0,0,0,1,0,0,0,0,0,0,0,0,0,0,0,0,0,0,0,0,0,0,0,0,0,0,0,0,3,12,39,12734.5588,13911.74725,3441.637322,12734.5588,0,5296.071343
"Broad Brook Reservoir, Upper",9/12/2012,2012,East Windsor,41.91006,-72.53856,CT,CAES,N,0.32,1.276,0.5,N,0,0,0,0,0,0,0,0,0,0,0,0,0,0,4,0,4,0.0407,7,264,68.3,0.5,0,0,0,0,0,0,0,0,0,0,0,0,0,0,0,0,0,0,0,0,1,0,0,0,0,0,0,0,0,0,0,0,0,0,0,0,1,0,0,0,0,0,0,0,0,0,0,0,0,1,0,0,0,0,0,0,0,0,0,0,0,0,0,0,0,0,0,0,0,0,0,0,0,0,0,0,0,0,0,0,0,0,0,0,0,0,0,0,0,0,0,0,0,1,0,0,0,0,0,0,0,0,0,0,0,0,0,0,0,0,0,0,0,0,0,0,0,0,3,12,37,12857.84515,13963.22572,13559.02658,12857.84515,0,5288.505976
Bunnels Pond,7/5/2011,2011,Bridgeport,41.20738,-73.18788,CT,CAES,N,13.52,2.485,5,Y,0.0105,0.0105,0.0105,0.0105,0,0,1,0,0,0,0,0,0,0,22,1,21,0.0175,6.4,159,33,2,1,0,0,0,1,0,0,0,1,1,0,0,0,0,0,0,1,0,0,0,1,0,0,0,0,0,0,0,0,0,0,0,0,0,0,0,0,0,1,0,0,0,0,0,0,0,0,0,0,1,0,0,1,1,0,0,1,0,0,0,0,0,0,0,1,0,1,0,1,0,0,0,1,1,0,0,0,0,0,0,0,0,0,0,0,1,0,0,0,0,0,0,0,1,0,0,0,1,0,0,0,1,0,0,0,0,0,0,0,0,0,0,0,0,0,1,0,0,0,20,89,6494.089006,14725.4989,13632.23606,6494.089006,0,5032.319785
Burr Pond,7/25/2005,2005,Torrington,41.87184,-73.09576,CT,CAES,N,34.44,2.236,3.353,N,0,0,0,0,0,0,0,0,0,0,0,0,0,0,20,0,20,0.006,6,93.15,6.75,2.4,0,0,1,0,1,0,0,0,1,0,0,0,0,0,0,0,0,1,0,0,1,0,0,0,1,0,0,0,0,0,0,0,0,0,0,0,0,0,0,0,0,0,0,0,1,0,0,0,0,1,0,0,1,0,0,0,1,1,0,0,0,0,0,0,0,0,1,0,1,0,0,0,0,1,0,0,0,0,1,0,0,0,0,0,0,1,0,0,0,0,0,0,0,0,0,0,0,0,0,0,0,0,0,0,0,0,1,0,0,0,0,1,0,0,1,1,0,0,0,16,53,15900.59298,15900.59298,14725.4989,15900.59298,1,19529.76104
Bushy Pond,6/26/2012,2012,Clinton,41.30587,-72.52501,CT,CAES,N,3.44,2.626,11,N,0,0,0,0,0,0,0,0,0,0,0,0,0,0,14,0,14,0.0183,6.3,79.5,20.25,1.4,0,0,0,0,0,0,0,0,0,0,0,0,0,1,0,0,0,1,0,0,0,1,0,0,1,0,0,0,0,0,0,0,0,0,0,0,0,0,0,0,0,0,0,0,1,0,1,0,0,0,0,0,0,0,0,0,1,1,0,0,0,0,0,0,0,0,1,0,0,0,1,0,0,0,0,0,0,0,0,0,0,0,0,0,0,0,0,0,0,0,0,0,0,0,0,0,0,1,0,0,0,0,0,0,0,0,1,0,1,0,0,0,1,0,0,0,0,0,1,20,67,9316.656354,14014.73849,16171.03061,5429.742494,0,3215.447529
Canoe Brook Lake,8/30/2012,2012,Trumbull,41.25132,-73.239,CT,CAES,Y,26.79,2.26,6,Y,3.00E-04,3.00E-04,3.00E-04,3.00E-04,0,0,1,0,0,0,0,0,0,0,16,1,15,0.0929,6.95,162,49.5,2.5,1,0,0,0,1,0,0,0,0,0,0,0,0,1,0,1,1,0,0,0,0,0,0,0,1,0,1,0,0,0,0,0,0,0,0,0,1,0,0,0,0,0,0,0,0,0,0,0,0,0,1,0,0,1,0,0,0,0,0,0,0,0,0,0,0,0,0,0,0,0,1,0,0,1,0,0,0,0,0,0,0,0,0,0,0,1,0,0,0,0,0,0,0,1,0,0,0,0,0,0,0,0,0,0,0,0,0,0,0,0,0,0,0,0,0,1,0,0,0,17,71,6494.089006,13353.05793,5429.742494,6494.089006,0,10286.03005
Cedar Lake,combined,comb,Chester,41.40168,-72.49901,CT,CAES,Y,28.04,1.274,13,N,0,0,0,0,0,0,0,0,0,0,0,0,0,0,34,0,34,0.0251,6.0333,37.05,8.5333,2.87,1,0,1,1,0,0,0,0,0,0,0,0,0,1,0,0,1,0,0,0,0,1,0,0,1,0,0,0,0,0,0,1,0,0,0,1,0,1,0,0,0,0,0,0,1,0,1,0,0,0,0,0,0,0,0,0,1,1,0,0,1,0,0,0,0,0,1,0,0,0,1,0,0,1,1,0,0,0,1,0,0,0,0,0,1,1,0,0,0,0,0,0,0,1,0,0,0,1,0,0,0,0,0,1,0,1,1,1,1,0,1,1,1,0,1,0,1,0,1,24,77,13246.49894,16550.12289,13353.05793,13246.49894,1,4159.662924
Cedar Pond,8/26/2005,2005,North Branford,41.32061,-72.77994,CT,CAES,Y,8.82,1.281,5.3,Y,0.001,0.001,0.001,0.001,0,0,1,0,0,0,0,0,0,0,7,1,6,0.0295,6.65,291,93.75,2.3,0,0,0,0,0,0,0,0,1,0,0,0,0,0,0,0,0,0,0,0,1,0,0,0,0,0,0,0,0,0,0,0,0,0,0,0,0,0,0,0,0,0,0,0,0,0,0,0,0,0,0,0,0,0,0,0,1,1,0,0,0,0,0,0,0,0,0,0,0,0,0,0,0,0,1,0,0,0,0,0,0,0,0,0,0,0,0,0,0,0,0,0,0,0,0,0,0,0,0,0,0,0,0,0,0,0,0,0,0,0,0,0,0,0,0,0,0,1,3,23,74,4187.09202,3348.563137,13722.39778,3348.563137,0,5377.204128
Chaffee Lake,7/20/2009,2009,Ashford,41.93943,-72.19431,CT,CAES,N,21.04,1.603,3.3,N,0,0,0,0,0,0,0,0,0,0,0,0,0,0,14,0,14,0.0185,7.3,130.5,24.75,2.3,0,0,0,0,1,0,0,0,0,0,1,0,0,0,0,1,0,1,0,0,1,0,0,0,1,0,0,0,0,1,0,0,0,0,0,0,0,0,0,0,0,0,0,0,0,0,0,0,0,0,1,0,0,0,0,0,1,0,0,0,0,0,0,0,0,0,0,0,0,0,1,0,0,0,0,0,0,0,0,0,0,0,0,1,0,0,0,0,0,0,0,0,0,0,0,0,0,1,0,0,0,0,0,0,0,0,0,0,0,0,0,0,1,0,0,1,0,0,2,23,117,14900.90053,13100.89331,5531.889658,13100.89331,0,22912.91019
Chalkers Mill Pond,7/22/2005,2005,Old Saybrook,41.30229,-72.39669,CT,CAES,N,4.17,2.115,1,N,0,0,0,0,0,0,0,0,0,0,0,0,0,0,9,0,9,0.033,5.75,146,19.88,0.5,0,0,1,0,0,0,0,0,1,0,0,0,0,0,0,0,0,0,0,0,0,0,0,0,0,0,0,0,0,0,0,0,0,0,0,0,0,0,0,0,0,0,0,0,0,0,0,0,0,0,1,0,0,0,0,0,0,1,0,0,0,0,0,0,0,0,0,0,0,0,0,0,0,1,0,0,0,0,1,0,0,0,0,0,1,1,0,0,0,0,0,0,0,0,0,0,0,0,0,0,0,0,0,0,0,0,0,0,0,0,0,0,0,0,1,0,0,0,4,29,84,1452.556307,16054.26717,27307.23547,1452.556307,0,2123.023895
Chase Reservoir,8/8/2005,2005,Killingly,41.84679,-71.83803,CT,CAES,N,28.77,1.772,3,Y,5.00E-04,5.00E-04,5.00E-04,5.00E-04,0,0,1,0,0,0,1,0,0,1,22,3,19,0.0215,6.25,67.5,10.88,2.7,0,0,1,0,0,0,0,0,0,0,1,0,0,0,0,1,1,0,0,0,0,1,0,1,1,0,0,0,0,0,0,0,1,0,1,0,0,0,0,0,0,0,0,0,0,0,0,0,0,0,1,0,0,0,0,0,1,1,0,0,0,0,0,0,1,0,0,0,0,0,0,0,0,0,0,0,0,0,0,0,0,0,0,1,0,0,0,0,0,0,0,0,0,1,0,0,0,1,0,0,0,0,0,0,0,0,0,0,0,0,0,1,0,0,1,1,0,0,0,21,61,31566.79068,14887.85292,15717.59142,14887.85292,0,43514.93322
Clear Lake,7/19/2006,2006,Guilford,41.33719,-72.74107,CT,CAES,N,8.09,1.53,2.74,N,0,0,0,0,0,0,0,0,0,0,0,0,0,0,5,0,5,0.059,6.2,199.5,28,3,0,0,1,0,0,0,0,0,0,0,0,0,0,0,0,0,0,0,0,0,0,0,0,0,0,0,0,0,0,0,0,0,0,0,0,0,0,0,0,0,0,0,0,0,0,0,0,0,0,0,0,0,0,1,0,0,1,1,0,0,0,0,0,0,0,0,0,0,0,0,1,0,0,0,0,0,0,0,0,0,0,0,0,0,0,0,0,0,0,0,0,0,0,0,0,0,0,0,0,0,0,0,0,0,0,0,0,0,0,0,0,0,0,0,0,0,0,0,2,18,64,1070.849974,6386.195505,31566.79068,1070.849974,0,7441.983724
Coventry Lake,7/15/2008,2008,Coventry,41.77093,-72.31974,CT,CAES,N,150.95,1.859,10,N,0,0,0,0,0,0,0,0,0,0,0,0,0,0,19,0,19,0.0345,6.5,57.5,24,3.3,0,1,0,0,0,0,0,0,1,0,0,0,0,0,0,1,1,1,0,1,1,0,0,0,1,0,1,0,0,0,0,0,0,0,0,0,0,0,0,0,0,0,0,0,0,0,0,0,0,1,1,0,0,0,0,0,0,0,0,0,0,0,0,0,0,0,1,0,0,0,0,0,1,0,0,0,0,0,0,0,0,0,0,1,0,1,0,0,0,0,0,0,0,1,0,0,0,0,0,0,0,0,0,0,0,0,0,0,0,0,0,0,1,0,0,1,0,1,0,12,66,11298.88802,11298.88802,7940.010035,11298.88802,1,15384.06914
Crescent Lake,7/27/2005,2005,Enfield,42.02516,-72.52218,CT,CAES,N,14.16,2.058,2.5,Y,2.00E-04,2.00E-04,2.00E-04,2.00E-04,0,0,1,0,0,0,0,0,0,0,7,1,6,0.164,5.9,152.5,27,1,0,0,0,0,0,0,0,0,0,0,0,0,0,0,0,0,0,1,0,0,0,0,0,0,1,0,0,0,0,0,0,0,0,0,0,0,0,0,0,0,0,0,0,0,0,0,0,0,0,0,1,0,0,1,0,0,0,1,0,0,0,0,0,0,0,0,0,0,0,0,0,0,0,0,1,0,0,0,0,0,0,0,0,0,0,0,0,0,0,0,0,0,0,0,0,0,0,0,0,0,0,0,0,0,0,0,0,0,0,0,0,0,0,0,0,0,0,0,5,31,97,15782.11807,15782.11807,11298.88802,10578.93619,0,8983.627444
Crystal Lake (1),combined,comb,Middletown,41.52188,-72.63876,CT,CAES,Y,12.55,2.482,6,N,0,0,0,0,0,0,0,0,0,0,0,0,0,0,21,0,21,0.0375,6.15,121.1125,29.6375,1.45,0,0,0,0,0,0,0,0,1,0,0,0,0,1,0,0,1,0,0,0,1,0,0,0,1,0,1,0,0,0,0,0,0,1,0,0,1,0,0,0,1,0,0,0,0,0,0,0,0,1,1,0,0,1,0,0,0,1,0,0,0,0,0,0,0,0,0,0,0,0,1,0,1,0,1,0,0,0,0,0,0,0,0,0,0,1,0,0,1,0,0,0,0,1,0,0,0,1,0,0,0,0,0,1,0,0,0,0,0,0,0,0,0,0,0,0,0,0,0,19,72,7766.017416,12426.27829,10578.93619,7766.017416,1,4104.993655
Crystal Lake (2),7/22/2005,2005,Old Saybrook,41.30111,-72.41396,CT,CAES,N,2.23,1.969,1.2,Y,0.093,0.093,0.093,0.093,0,0,1,0,0,0,0,0,0,0,25,1,24,0.0425,6.1,101.15,30.8,0.6,0,0,1,0,0,0,0,0,0,1,0,0,0,0,0,1,0,1,0,0,1,1,0,0,1,0,0,0,0,0,1,0,0,0,0,1,0,0,0,0,0,0,0,0,1,0,0,0,0,0,1,0,0,0,0,0,1,1,0,0,0,0,0,0,0,0,1,0,0,0,1,0,0,1,0,0,0,0,0,0,0,0,0,0,0,1,0,0,1,0,0,0,0,1,0,0,0,1,0,0,0,0,0,0,0,0,1,0,0,0,0,1,1,0,0,0,0,0,2,26,87,22544.80481,17384.73667,7766.017416,14266.43121,0,3432.126886
Crystal Lake (3),8/25/2005,2005,"Ellington, Stafford",41.93605,-72.37389,CT,CAES,N,75.84,1.523,12,Y,0.01,0.01,0.01,0.01,0,0,1,0,0,0,1,0,0,0,6,2,4,0.055,7.05,147,60,2.9,0,0,1,0,0,0,0,0,0,0,0,0,0,0,0,0,0,0,0,0,0,0,0,0,0,0,0,0,0,0,0,0,0,0,0,0,0,0,0,0,0,0,0,0,0,0,0,0,0,0,0,0,0,0,0,0,0,1,0,0,0,0,0,0,0,0,0,0,0,0,0,0,0,0,0,0,0,0,0,0,0,0,0,0,1,0,0,0,0,0,0,0,0,0,0,0,0,0,0,0,0,0,0,0,0,1,0,0,0,0,0,0,0,0,1,0,0,0,4,24,91,15782.11807,17699.88502,14266.43121,15782.11807,0,8501.431295
Crystal Pond,7/16/2009,2009,Woodstock,41.92278,-72.09932,CT,CAES,N,58.68,1.82,5,N,0,0,0,0,0,0,0,0,0,0,0,0,0,0,21,0,21,0.0805,6.2,63.55,14.65,2.3,0,0,0,0,0,0,0,1,0,0,0,0,0,1,0,0,1,0,0,0,1,1,0,0,1,0,1,0,0,0,0,0,0,0,0,0,0,0,0,0,0,0,0,0,0,0,0,0,0,0,1,0,1,0,0,0,0,0,0,0,0,0,0,0,0,0,0,0,1,0,0,0,0,1,0,1,0,0,0,0,0,0,0,0,0,1,0,0,1,0,0,0,0,1,0,0,0,1,0,1,0,0,0,0,0,0,0,0,0,0,0,1,1,0,1,1,0,0,3,39,113,22826.72014,9211.914257,17699.88502,9211.914257,0,30512.50232
Cusick Pond,9/9/2009,2009,Bethany,41.38917,-73.03082,CT,CAES,N,0.08,1.081,2,N,0,0,0,0,0,0,0,0,0,0,0,0,0,0,6,0,6,0.0185,6.55,82.5,55.15,2,0,0,0,0,0,0,0,1,0,0,0,0,0,0,0,0,0,0,0,0,0,0,0,0,0,0,1,0,0,0,0,0,0,0,0,0,0,1,0,0,0,0,0,0,0,0,0,0,0,0,0,0,0,0,0,0,0,0,0,0,0,0,0,0,0,0,0,0,0,0,0,0,0,1,1,0,0,0,0,0,0,0,0,0,0,0,0,0,0,0,0,0,0,0,0,0,0,1,0,0,0,0,0,0,0,0,0,0,0,0,0,0,0,0,0,0,0,0,2,27,85,5289.416798,5289.416798,23280.42136,5289.416798,0,12418.60473
Dayton Pond,7/8/2005,2005,Wallingford,41.40869,-72.80267,CT,CAES,Y,2.67,2.669,2,Y,0.0037,0.0037,0.0037,0.0037,0,0,1,0,0,0,1,0,0,0,8,2,6,0.067,6.8,208,87.38,1.4,0,0,0,0,0,0,0,0,1,0,0,0,0,0,0,0,0,0,0,0,1,0,0,0,0,0,0,0,0,0,0,0,0,0,0,0,0,0,0,0,0,0,0,0,0,0,0,0,0,1,0,0,0,0,0,0,0,0,0,0,0,0,0,0,0,0,0,0,0,0,0,0,0,0,1,0,0,0,0,1,0,0,0,1,0,0,0,0,0,0,0,0,0,0,0,0,0,0,0,0,0,0,0,0,0,0,0,0,0,0,0,0,0,0,0,0,0,0,0,7,52,4564.594537,4564.594537,15494.86583,4564.594537,0,6805.423259
Deer Lake,9/14/2009,2009,Killingworth,41.34356,-72.58872,CT,CAES,N,12.95,2.188,2.3,N,0,0,0,0,0,0,0,0,0,0,0,0,0,0,19,0,19,0.017,5.8,65.6,21.4,1.3,0,0,1,1,0,0,0,0,0,0,0,0,0,0,0,0,1,0,0,0,0,1,0,0,1,0,1,0,0,0,0,0,0,0,0,0,0,0,0,0,0,0,0,0,0,0,1,0,0,0,0,1,0,0,0,0,1,1,0,0,0,0,0,0,0,0,1,0,1,0,1,0,0,0,0,0,0,0,1,0,0,0,0,0,0,0,0,0,0,0,0,0,0,0,0,0,0,0,0,0,0,0,0,0,0,0,1,1,0,0,0,1,1,0,1,0,0,0,3,18,78,10248.77943,10248.77943,4564.594537,6194.564885,0,8086.773271
Deer Lake Reservoir,9/14/2009,2009,Killingworth,41.34116,-72.59215,CT,CAES,N,2.43,1.313,5,N,0,0,0,0,0,0,0,0,0,0,0,0,0,0,13,0,13,0.017,5.8,65.6,21.4,3.7,0,0,1,1,0,0,0,0,0,0,0,0,0,0,0,0,0,0,0,0,0,0,0,0,1,0,0,0,0,0,0,0,0,0,0,0,0,1,0,0,0,0,0,0,0,0,0,0,0,0,0,0,0,0,0,0,1,1,0,0,1,0,0,0,0,0,1,0,0,0,1,0,0,0,0,0,0,0,1,0,0,0,0,0,0,0,0,0,0,0,0,0,0,0,0,0,0,0,0,0,0,0,0,0,0,0,1,0,0,0,0,1,1,0,0,0,0,0,1,16,75,9863.229967,9863.229967,6194.564885,5823.861739,0,7701.106742
Diamond Lake,7/14/2006,2006,Glastonbury,41.69494,-72.48231,CT,CAES,N,8.09,1.339,4,N,0,0,0,0,0,0,0,0,0,0,0,0,0,0,10,0,10,0.011,6.45,67.5,5.65,2.5,0,0,1,0,0,0,0,0,0,0,1,0,0,0,0,0,0,0,0,0,1,1,0,0,0,0,1,0,0,0,0,0,0,0,0,0,0,0,0,0,0,0,0,0,0,0,0,0,0,0,0,0,1,0,0,0,0,1,0,0,1,0,0,0,0,0,0,0,0,0,0,0,0,0,0,0,0,0,0,0,0,0,0,0,0,1,0,0,0,0,0,0,0,0,0,0,0,0,0,0,0,0,0,0,1,0,0,0,0,0,0,0,0,0,0,0,0,0,1,16,59,4123.660155,4123.660155,5823.861739,4123.660155,0,10578.19085
"Dividend Pond, Lower",6/20/2012,2012,Rocky Hill,41.64631,-72.63289,CT,CAES,N,0.53,1.58,1,Y,0.0635,0.0635,0.0635,0.0635,0,0,1,0,0,0,0,0,0,0,3,1,2,0.0521,7.55,355.5,69.75,1,0,0,0,0,0,0,0,0,1,0,0,0,0,0,0,0,0,0,0,0,1,0,0,0,0,0,0,0,0,0,0,0,0,0,0,0,0,0,0,0,0,0,0,0,0,0,0,0,0,0,0,0,0,0,0,0,0,0,0,0,0,0,0,0,0,0,0,0,0,0,0,0,0,0,0,0,0,0,0,0,0,0,0,0,0,0,0,0,0,0,0,0,0,0,0,0,0,0,0,0,0,0,0,0,0,0,0,0,0,0,0,0,0,0,0,0,0,0,1,18,73,129.9897379,9889.494996,10640.71385,129.9897379,0,2546.334966
"Dividend Pond, Upper",6/20/2012,2012,Rocky Hill,41.64575,-72.63426,CT,CAES,N,2.35,1.608,1,Y,0.0292,0.0292,0.0292,0.0292,0,0,1,0,0,0,0,0,0,0,7,1,6,0.1733,7.4,331,69.4,0.9,0,0,0,0,0,0,0,0,0,0,0,0,0,0,0,0,0,0,0,0,1,0,0,0,0,0,0,0,0,0,0,0,0,0,0,0,1,0,0,0,0,0,0,0,0,0,0,0,0,0,0,0,0,0,0,0,0,1,0,0,0,0,0,0,0,0,0,0,0,0,0,0,1,0,0,0,0,0,0,0,0,0,0,0,0,0,0,0,0,0,0,0,0,1,0,0,0,0,0,0,0,1,0,0,0,0,0,0,0,0,0,0,0,0,0,0,0,0,1,16,77,129.9897379,10019.30176,13838.06722,129.9897379,0,2638.989904
Doaneville Pond,7/7/2011,2011,Griswold,41.56392,-71.87308,CT,CAES,N,27.68,1.559,2,Y,2.00E-04,2.00E-04,2.00E-04,2.00E-04,0,0,1,0,0,0,1,1,0,0,21,3,18,0.0515,6.05,58.1,6.7,1,0,0,1,1,0,0,0,0,0,0,0,0,0,1,0,0,1,0,0,0,0,1,0,1,0,0,1,0,0,0,0,0,0,0,0,0,0,0,0,0,0,0,0,0,0,0,0,0,0,0,1,0,0,0,0,0,1,1,0,1,0,0,0,1,0,0,1,0,0,0,1,0,0,0,0,0,0,0,1,0,0,0,0,0,0,0,0,0,0,0,0,0,0,1,0,0,0,0,0,0,0,0,0,1,0,0,0,0,0,0,0,0,0,0,0,1,0,0,3,16,45,13742.89031,29796.33814,13708.37326,13742.89031,0,16626.98644
Dog Pond,8/5/2005,2005,Goshen,41.81353,-73.2388,CT,CAES,N,26.63,1.238,3.353,N,0,0,0,0,0,0,0,0,0,0,0,0,0,0,13,0,13,0.043,6.9,145,49.88,2.5,0,0,0,0,0,0,0,0,1,0,0,0,0,0,0,0,0,0,0,1,0,0,0,0,0,0,0,0,0,0,0,0,0,0,0,0,0,0,0,0,0,0,0,0,0,0,0,0,0,1,0,0,1,0,0,0,1,1,0,0,0,0,0,0,0,0,0,0,1,0,0,0,0,0,0,1,0,0,0,0,0,0,0,0,0,0,1,0,1,0,1,0,1,1,0,0,0,0,0,0,0,0,0,0,0,0,0,0,0,0,0,0,0,0,0,0,0,0,2,16,59,26321.33434,24212.28151,13742.89031,24212.28151,1,10814.148
Dunlop Pond (Unnamed Lake with Dam #3036),9/1/2005,2005,Darien,41.07916,-73.46074,CT,CAES,N,2.99,1.435,4,Y,0.1859,0.2478,0.2478,0.1239,0,0,1,0,0,0,0,0,0,1,6,2,4,0.0975,6.6,487.5,73.5,1.4,0,0,0,0,0,0,0,0,0,0,0,0,0,0,0,0,0,0,0,0,1,0,0,0,0,0,0,0,0,0,0,0,0,0,0,0,0,0,0,0,0,0,0,0,0,0,0,0,0,0,0,0,0,0,0,0,0,1,0,0,0,0,0,0,0,0,0,0,0,0,0,0,0,0,0,0,0,0,0,0,0,0,0,0,0,0,0,0,0,0,0,0,0,0,0,0,0,0,0,1,0,0,0,0,0,0,0,0,0,0,0,0,0,0,0,1,0,0,4,25,65,964.595521,964.595521,24560.00929,964.595521,0,1508.8955
Echo Lake,9/7/2005,2005,Watertown,41.60138,-73.09778,CT,CAES,N,4.33,1.406,2,Y,0.008,0.008,0.008,0.008,0,0,1,0,0,0,0,0,0,0,6,1,5,0.048,6.45,193.5,26.25,1.2,0,0,0,0,1,0,0,0,0,0,0,0,0,0,0,0,0,0,0,0,1,0,0,0,0,0,0,0,0,0,0,0,0,0,0,0,0,0,0,0,0,0,0,0,0,0,0,0,0,0,0,0,0,1,0,0,0,0,0,0,0,0,0,0,0,0,0,0,0,0,1,0,0,1,0,0,0,0,0,0,0,0,0,0,0,0,0,0,0,0,0,0,0,0,0,0,0,0,0,0,0,0,0,0,0,0,0,0,0,0,0,0,0,0,0,0,0,0,0,16,65,9397.445707,9397.445707,964.595521,9397.445707,0,14618.86977
Elise Lake,7/12/2011,2011,Middlebury,41.52323,-73.14099,CT,CAES,N,6.27,1.548,2,Y,0.0017,0.0017,0.0017,0.0017,0,0,1,0,0,0,1,0,0,0,15,2,13,0.055,6.75,173,18.8,1.2,0,0,1,1,1,0,0,0,0,1,0,0,0,0,0,0,0,0,0,0,1,0,0,0,0,0,0,0,0,0,0,0,0,0,0,0,0,0,0,0,0,0,0,0,0,0,1,0,0,0,0,0,0,0,0,0,1,1,0,0,0,0,0,0,0,0,0,0,0,0,1,0,0,1,0,0,0,0,0,0,0,0,0,0,0,1,0,0,0,0,0,0,0,1,0,0,0,0,0,0,0,0,0,0,0,0,1,0,0,0,0,0,0,0,0,0,0,0,1,16,66,3473.295575,20300.16915,19514.45959,3473.295575,0,14618.86977
Fall Mountain Lake,9/15/2009,2009,Terryville,41.64861,-72.98933,CT,CAES,N,12.14,1.596,1.7,N,0,0,0,0,0,0,0,0,0,0,0,0,0,0,19,0,19,0.012,6.65,183,24.05,1.7,0,0,0,0,1,0,0,0,0,0,0,0,0,1,0,0,1,0,0,0,1,1,0,0,0,0,1,0,0,0,0,0,0,0,0,0,0,1,0,0,0,0,0,0,0,0,1,0,0,1,1,0,0,1,0,0,1,0,0,0,0,0,0,0,0,0,0,0,0,0,1,0,0,1,0,0,0,0,0,0,0,0,0,0,0,1,0,0,0,0,0,0,0,1,0,0,0,1,0,0,0,0,0,1,0,0,0,0,0,0,0,0,0,0,1,0,0,0,2,22,80,10448.98742,18809.23459,24756.75457,10448.98742,0,20220.28918
Farm Brook Reservoir,6/26/2012,2012,Hamden,41.39612,-72.9421,CT,CAES,N,6.07,1.194,2,Y,0.0016,0.0016,0.0016,0.0016,0,0,1,0,0,0,0,0,0,0,8,1,7,0.1647,7.55,51,13.5,0.3,1,0,0,0,1,0,0,0,0,0,0,0,0,0,0,1,1,0,0,0,1,0,0,0,0,0,0,0,0,0,0,0,0,0,0,0,0,0,0,0,0,0,0,0,0,0,0,0,0,0,0,0,0,0,0,0,0,0,0,0,0,0,1,0,0,0,0,0,0,0,0,0,0,0,0,0,0,0,0,0,0,0,0,0,0,0,0,0,0,0,0,0,0,0,0,0,0,0,0,0,0,1,0,0,0,0,0,0,0,0,0,0,0,0,0,0,0,0,0,25,79,5333.966457,10872.8909,11644.91821,5333.966457,0,20220.28918
Fence Rock Lake,combined,comb,Guilford,41.32004,-72.67371,CT,CAES,Y,6.84,1.412,5,N,0,0,0,0,0,0,0,0,0,0,0,0,0,0,25,0,25,0.0295,6.28,75.06,14.395,2.28,0,0,1,0,1,0,0,0,1,0,0,0,1,1,0,1,1,0,0,0,0,0,0,0,1,0,1,0,0,0,0,0,0,0,0,0,1,0,0,0,0,0,0,0,0,0,1,0,0,0,1,1,0,1,0,0,1,1,0,0,0,0,0,0,0,0,1,0,0,0,1,0,0,1,1,0,0,0,0,0,0,0,0,0,0,1,0,0,0,0,0,0,0,1,0,0,0,0,0,0,0,1,0,1,0,0,1,0,0,0,0,0,0,0,0,0,0,0,2,26,68,3305.587858,3305.587858,15120.47284,3305.587858,0,19271.26641
Forest Lake,9/13/2007,2007,Bridgeport,41.21996,-73.20664,CT,CAES,N,26.71,2.158,6,N,0,0,0,0,0,0,0,0,0,0,0,0,0,0,4,0,4,0.016,6.6,143,17.25,1.8,0,0,0,0,0,0,0,0,0,0,1,0,0,0,0,0,0,0,0,0,0,0,0,0,0,0,0,0,0,0,0,0,0,0,0,0,0,0,0,0,0,0,0,0,0,0,0,0,0,0,0,0,0,1,0,0,0,0,1,0,0,0,0,0,0,0,0,0,0,0,1,0,0,0,0,0,0,0,0,0,0,0,0,0,0,0,0,0,0,0,0,0,0,0,0,0,0,0,0,0,0,0,0,0,0,0,0,0,0,0,0,0,0,0,0,0,0,0,1,22,101,2103.814566,13724.68969,4998.250719,2103.814566,0,6105.674549
Gables Pond,8/3/2009,2009,Farmington,41.74178,-72.84136,CT,CAES,N,5.58,1.622,3,N,0,0,0,0,0,0,0,0,0,0,0,0,0,0,15,0,15,0.014,7.1,183,45.05,2.6,1,0,0,0,0,0,0,0,1,1,0,0,0,0,0,1,1,0,0,0,1,0,0,0,0,0,0,0,0,0,0,0,0,0,0,0,0,0,0,0,0,0,0,0,0,0,0,0,0,1,1,0,0,1,0,0,0,1,0,0,0,0,0,0,0,0,0,0,1,0,0,0,0,0,0,0,0,0,0,0,0,0,0,0,0,1,0,0,0,0,0,0,0,1,0,0,0,1,0,0,0,0,0,0,0,0,0,0,0,0,0,0,1,0,0,0,0,0,5,28,73,7925.58208,8556.674756,13724.68969,7925.58208,0,4428.255183
Gardner Lake,7/24/2006,2006,"Bozrah, Montville, Salem",41.50874,-72.22279,CT,CAES,N,214.08,1.636,11.887,N,0,0,0,0,0,0,0,0,0,0,0,0,0,0,16,0,16,0.011,6.1,78.95,9.75,2,0,0,1,1,0,0,0,0,1,0,1,0,0,0,0,1,0,1,0,0,1,1,0,0,1,0,1,0,0,0,0,0,0,0,0,0,0,0,0,0,0,0,0,0,1,0,0,0,0,0,1,0,1,0,0,0,1,1,0,0,0,0,0,0,0,0,0,0,0,0,1,0,0,0,0,0,0,0,0,0,0,0,0,0,0,0,0,0,0,0,0,0,0,0,0,0,0,0,0,0,0,0,0,0,0,0,0,0,0,0,0,0,0,0,0,0,0,0,1,27,75,15391.68562,14970.44574,7925.58208,14970.44574,1,7011.081112
Gladstone Pond,8/10/2006,2006,Killingworth,41.39102,-72.5576,CT,CAES,N,0.32,1.319,2.5,N,0,0,0,0,0,0,0,0,0,0,0,0,0,0,4,0,4,0.0695,5.75,76,15,0.8,0,0,1,0,0,0,0,0,0,0,0,0,0,0,0,0,0,0,0,0,0,0,0,0,0,0,0,0,0,0,0,0,0,0,0,0,0,0,0,0,0,0,0,0,0,0,0,0,0,0,0,0,0,0,0,0,0,1,0,0,0,0,0,0,0,0,0,1,0,0,0,0,0,0,0,0,0,0,0,0,0,0,0,0,0,0,0,0,0,0,0,0,0,0,0,0,0,1,0,0,0,0,0,0,0,0,0,0,0,0,0,0,0,0,0,0,0,0,0,19,63,11637.22885,11637.22885,15391.68562,11637.22885,0,14928.69909
Great Hill Pond,8/11/2006,2006,Portland,41.57392,-72.56294,CT,CAES,N,30.76,1.372,2.743,N,0,0,0,0,0,0,0,0,0,0,0,0,0,0,19,0,19,0.002,6.15,52,8.85,2.4,0,0,1,1,0,0,0,0,0,0,1,0,0,0,0,1,0,1,0,0,1,0,0,0,1,0,0,0,0,0,0,0,0,0,0,0,0,0,0,0,0,0,0,0,0,0,0,0,0,0,0,0,0,0,0,0,1,1,0,0,0,0,0,0,0,0,0,0,0,0,0,0,0,1,0,0,0,0,0,0,0,0,0,0,1,1,0,0,0,0,0,0,1,1,0,0,0,0,0,0,0,0,0,1,0,0,1,0,0,0,0,1,1,0,0,1,0,0,0,17,64,9932.63384,13477.71523,12071.14009,9932.63384,0,11634.78358
Green Falls Reservoir,8/2/2005,2005,Voluntown,41.53006,-71.80907,CT,CAES,N,19.51,1.897,7.92,N,0,0,0,0,0,0,0,0,0,0,0,0,0,0,10,0,10,0.003,5,20.05,0.75,5.6,0,0,0,0,0,0,0,0,0,0,0,0,0,0,0,0,0,1,0,0,0,1,0,0,1,0,0,0,0,0,0,0,0,0,0,0,0,0,0,0,0,0,0,0,0,0,1,0,0,0,0,0,0,0,0,0,1,1,0,0,0,0,0,0,0,0,0,0,0,0,0,1,0,0,0,0,0,0,0,0,0,0,0,0,0,0,0,0,0,0,0,0,0,0,0,0,0,0,0,0,0,0,0,1,0,0,0,0,0,0,0,1,1,0,0,0,0,0,0,15,49,6534.872833,6534.872833,15155.76688,6534.872833,1,9151.73163
"Halls Pond, Ashford",8/1/2005,2005,Eastford,41.84019,-72.10908,CT,CAES,N,33.18,1.638,4.267,Y,8.00E-04,8.00E-04,8.00E-04,8.00E-04,0,0,0,0,0,0,1,0,0,0,19,1,18,0.007,6.05,44.05,7.5,3,0,0,1,0,0,0,0,0,0,1,1,0,0,0,0,1,1,0,0,0,1,1,0,0,1,0,0,0,1,0,0,0,0,0,0,0,0,1,0,0,0,0,0,0,0,0,0,0,0,0,1,0,0,0,0,0,1,0,0,0,0,0,0,0,0,0,1,0,0,0,1,0,0,1,0,0,0,0,0,0,0,0,0,0,0,0,0,0,1,0,0,0,0,1,0,0,0,0,0,0,0,0,0,0,0,0,1,0,0,0,0,0,0,0,0,0,0,0,2,27,96,22532.06912,17990.32938,6534.872833,17990.32938,1,2314.528946
Hamlin Pond,8/24/2005,2005,Plainville,41.67057,-72.8475,CT,CAES,N,4.86,1.213,4,Y,0.0058,0.0058,0.0058,0.0058,0,0,1,0,0,0,0,0,0,1,8,2,6,0.0895,6.7,262.5,72.38,1.2,0,0,0,0,0,0,0,0,1,0,0,0,0,0,0,0,0,0,0,0,1,0,0,0,0,0,0,0,0,0,0,0,0,0,0,0,0,0,0,0,0,0,0,0,0,0,0,0,0,1,0,0,0,0,0,0,1,0,0,0,0,0,0,0,0,0,0,0,1,0,0,0,0,0,0,0,0,0,0,0,0,0,0,0,0,1,0,0,0,0,0,0,0,0,0,0,0,0,0,0,0,0,0,0,0,0,0,0,0,0,0,0,0,0,0,0,0,0,0,21,103,7656.66375,11880.8287,22532.06912,7656.66375,0,19020.43451
Hart Pond,9/27/2013,2013,Litchfield,41.78589,-73.30021,CT,CAES,N,10.93,1.184,1.5,N,0,0,0,0,0,0,0,0,0,0,0,0,0,0,11,0,11,0.0924,7.05,99.5,27.375,1.7,0,0,1,0,0,0,0,0,0,1,0,0,0,0,0,0,0,0,0,0,0,0,0,0,0,0,0,0,0,0,0,0,0,0,0,0,0,0,0,0,0,0,0,0,0,0,0,0,0,0,0,0,0,0,0,0,1,1,0,0,0,0,0,0,1,0,0,0,0,0,0,0,0,0,0,0,0,0,0,0,1,1,0,0,0,1,0,0,0,0,0,0,0,0,0,0,0,0,0,0,0,1,0,0,0,0,0,0,1,0,0,1,0,0,0,0,0,0,0,13,48,26528.65086,18633.61181,7656.66375,18633.61181,0,30353.99023
Hatch Pond,6/14/2012,2012,Kent ,41.68358,-73.47777,CT,CAES,N,26.71,1.491,4,Y,0.1725,0.1725,0.1725,0.1725,0,0,0,1,0,0,1,1,0,0,15,3,12,0.1574,7.3,257,112.15,2,0,0,0,0,0,0,0,0,1,1,0,0,0,0,0,0,0,0,0,1,0,0,0,0,0,0,0,0,0,0,0,0,0,0,0,0,0,0,0,0,0,0,0,0,0,0,0,0,1,0,0,0,0,0,0,0,1,1,0,0,0,1,0,0,0,0,1,0,0,0,0,0,1,0,0,0,0,0,0,0,0,0,0,0,0,0,0,0,0,0,1,0,0,0,0,0,0,0,0,1,0,1,0,0,0,0,0,0,0,0,0,0,0,0,0,0,0,0,1,12,46,24837.89713,26100.17401,18633.61181,24837.89713,1,15948.80364
Hayward Lake,combined,comb,East Haddam,41.51878,-72.32729,CT,CAES,Y,69.61,1.996,10.668,N,0,0,0,0,0,0,0,0,0,0,0,0,0,0,33,0,33,0.0138,6.1,103.5,11.44,2.35,1,0,1,1,0,0,0,0,0,1,1,1,0,1,0,0,1,0,0,0,0,1,0,1,0,0,0,0,0,0,0,0,0,0,0,0,1,0,0,0,0,0,0,0,1,0,0,1,0,0,1,0,0,0,0,0,1,1,0,0,1,0,0,0,0,0,1,0,0,0,1,0,0,1,1,0,0,0,0,0,0,0,0,0,1,1,0,0,1,0,0,1,0,1,0,0,0,1,0,0,0,0,0,1,0,0,1,0,1,0,0,1,1,0,1,0,0,0,1,25,74,6855.123914,18001.88783,49618.52474,6855.123914,1,9942.441798
Held Pond,7/1/2011,2011,Weston,41.18087,-73.37183,CT,CAES,N,12.71,1.315,13,N,0,0,0,0,0,0,0,0,0,0,0,0,0,0,13,0,13,0.0165,7.4,205,35.65,2.5,1,0,0,0,0,0,0,0,1,0,0,0,0,0,0,0,1,0,0,0,0,0,0,0,1,1,0,0,0,0,0,0,0,0,0,0,0,0,0,0,0,0,0,0,0,0,0,0,0,0,1,0,0,1,0,0,0,1,0,0,0,0,0,0,0,0,1,0,0,0,1,0,1,0,1,0,0,0,0,0,0,0,0,0,0,0,0,0,0,0,0,0,0,0,0,0,0,0,0,0,0,1,0,0,0,0,0,0,0,0,0,0,0,0,0,0,0,0,2,25,93,1775.461619,1775.461619,6855.123914,1775.461619,0,20398.04775
Hidden Lake,7/11/2005,2005,Higganum,41.42103,-72.57104,CT,CAES,N,15.78,1.728,2,N,0,0,0,0,0,0,0,0,0,0,0,0,0,0,19,0,19,0.0185,5.65,75.8,6.75,1.9,0,0,1,0,0,0,0,0,0,0,1,0,0,0,0,1,0,1,0,0,0,0,0,0,1,0,0,0,0,0,1,0,0,0,0,0,0,0,0,0,0,0,0,0,0,0,0,0,0,0,1,0,0,0,0,0,1,1,0,0,0,0,0,0,0,0,1,0,0,0,1,0,0,1,0,0,0,0,1,0,0,0,0,0,0,1,0,0,0,0,0,0,0,0,0,0,0,0,0,0,0,0,0,0,0,0,0,1,0,0,0,1,1,0,1,1,0,0,2,15,58,10912.39894,10912.39894,1775.461619,10912.39894,0,10960.63471
Higby Reservor #1,9/22/2010,2010,Middletown,41.54686,-72.72233,CT,CAES,N,24.73,1.659,6,N,0,0,0,0,0,0,0,0,0,0,0,0,0,0,5,0,5,0.0145,7.4,102.5,19.55,1,0,0,0,0,0,0,0,0,0,0,0,0,0,0,0,1,0,1,0,0,0,0,0,0,1,0,0,0,0,0,0,0,0,0,0,0,0,0,0,0,0,0,0,0,0,0,0,0,0,0,0,0,0,0,0,0,0,0,0,0,0,0,0,0,0,0,0,0,0,0,0,0,0,0,0,0,0,0,0,0,0,0,0,0,0,0,0,0,0,0,0,0,0,0,1,0,0,0,0,0,0,0,0,0,0,0,1,0,0,0,0,0,0,0,0,0,0,0,4,28,94,3576.191961,5556.85266,14724.85143,3576.191961,0,10960.63471
Higby Reservor #2,9/22/2010,2010,Middletown,41.54399,-72.72083,CT,CAES,N,7.28,1.514,2,N,0,0,0,0,0,0,0,0,0,0,0,0,0,0,4,0,4,0.0415,7.1,156,29.65,0.8,0,0,0,0,0,0,0,0,0,0,0,0,0,0,0,1,0,1,0,0,1,0,0,0,0,0,0,0,0,0,0,0,0,0,0,0,0,0,0,0,0,0,0,0,0,0,0,0,0,0,0,0,0,0,0,0,0,0,0,0,0,0,0,0,0,0,0,0,0,0,0,0,0,0,0,0,0,0,0,0,0,0,0,0,0,0,0,0,0,0,0,0,0,0,1,0,0,0,0,0,0,0,0,0,0,0,0,0,0,0,0,0,0,0,0,0,0,0,3,25,90,3296.572535,5861.500901,3576.191961,3296.572535,0,6989.946153
Higby Reservor #3,9/24/2010,2010,Middletown,41.53777,-72.72257,CT,CAES,N,17.12,1.341,1.8,N,0,0,0,0,0,0,0,0,0,0,0,0,0,0,3,0,3,0.044,7.1,154,32.25,1.5,0,0,0,0,0,0,0,0,0,0,0,0,0,0,0,0,0,0,0,0,1,0,0,0,1,0,0,0,0,0,0,0,0,0,0,0,0,0,0,0,0,0,0,0,0,0,0,0,0,0,0,0,0,0,0,0,0,0,0,0,0,0,0,0,0,0,0,0,0,0,0,0,0,0,0,0,0,0,0,0,0,0,0,0,0,0,0,0,0,0,0,0,0,0,1,0,0,0,0,0,0,0,0,0,0,0,0,0,0,0,0,0,0,0,0,0,0,0,3,29,88,2592.440349,6247.36718,3296.572535,2592.440349,0,9016.386654
Higby Reservor #4,9/24/2010,2010,Middletown,41.55274,-72.72902,CT,CAES,N,11.29,1.964,4,N,0,0,0,0,0,0,0,0,0,0,0,0,0,0,3,0,3,0.004,6.85,44,14.35,1,0,0,0,0,0,0,0,0,0,0,0,0,0,0,0,0,0,1,0,0,0,1,0,0,1,0,0,0,0,0,0,0,0,0,0,0,0,0,0,0,0,0,0,0,0,0,0,0,0,0,0,0,0,0,0,0,0,0,0,0,0,0,0,0,0,0,0,0,0,0,0,0,0,0,0,0,0,0,0,0,0,0,0,0,0,0,0,0,0,0,0,0,0,0,0,0,0,0,0,0,0,0,0,0,0,0,0,0,0,0,0,0,0,0,0,0,0,0,1,28,101,4153.133106,4709.932253,2592.440349,4153.133106,0,2928.593841
Horse Pond,8/4/2005,2005,Salem,41.46175,-72.25084,CT,CAES,N,5.34,1.251,5.1,N,0,0,0,0,0,0,0,0,0,0,0,0,0,0,15,0,15,0.03,6,81,11.63,2.6,0,0,1,0,0,0,0,0,0,1,0,0,0,0,0,0,0,0,0,0,1,1,0,0,0,0,0,0,0,0,0,0,0,0,0,0,0,0,0,0,0,0,0,0,0,0,0,0,0,0,1,0,0,0,0,0,1,1,0,0,0,0,0,0,0,0,0,0,0,0,1,0,0,1,0,0,0,0,0,0,0,0,0,0,1,0,0,0,0,0,0,0,0,0,0,0,0,0,0,0,0,0,0,1,0,0,0,1,0,0,0,1,1,0,1,0,0,0,4,21,70,13863.59232,9887.684656,4153.133106,9887.684656,1,2594.525948
Horseshoe Pond,6/21/2013,2013,Wilton,41.18232,-73.42648,CT,CAES,N,2.23,1.359,1,Y,0.024,0.024,0.024,0.024,0,0,1,1,0,0,1,0,0,0,11,3,8,0.05405,6.45,394.5,34.9,0.8,0,0,0,0,0,0,0,0,0,1,0,0,0,0,0,0,1,0,0,0,0,0,0,0,0,0,0,0,0,0,0,0,0,0,0,0,0,0,0,0,0,0,0,0,0,0,0,0,0,0,0,0,0,1,0,0,0,1,0,0,0,0,0,0,0,0,0,0,0,0,0,0,0,0,1,0,0,0,0,0,0,0,0,0,0,1,0,0,0,0,1,0,0,0,0,0,0,0,0,0,0,0,0,0,0,0,1,0,0,0,0,0,0,0,0,0,0,0,1,22,103,5311.643617,5311.643617,13863.59232,5311.643617,0,2163.966715
Hospital Reservoir #3,9/30/2009,2009,Middletown,41.54433,-72.60446,CT,CAES,N,2.39,1.324,5.5,N,0,0,0,0,0,0,0,0,0,0,0,0,0,0,8,0,8,0.006,6.4,52.3,14.3,4,0,0,0,0,0,0,0,0,0,0,0,0,0,0,0,0,1,0,0,0,0,0,0,0,1,0,0,0,0,0,0,0,0,0,0,0,0,0,0,0,0,0,0,0,0,0,1,0,0,0,0,0,0,0,0,0,0,0,0,0,0,0,0,0,0,0,0,0,0,0,1,0,0,0,0,0,0,0,0,0,0,0,0,0,0,0,0,0,0,0,0,1,0,0,0,0,0,0,0,0,0,0,0,0,0,0,1,0,0,0,1,1,0,0,0,0,0,0,3,19,66,11070.91617,14583.83397,5417.906336,11070.91617,0,3681.719179
Housatonic Lake,7/12/2005,2005,"Derby, Monroe, Oxford, Seymour, Shelton",41.32818,-73.10852,CT,CAES,N,132.74,4.132,7.925,N,0,0,0,0,0,0,0,0,0,0,0,0,0,0,16,0,16,0.02,7.25,238,85.5,2,0,0,0,0,0,0,0,0,1,0,0,0,0,0,0,0,1,0,0,0,1,0,0,0,0,0,0,0,0,0,0,0,0,0,0,0,0,0,0,0,0,0,0,0,0,0,0,0,0,1,0,0,1,1,0,0,0,1,0,0,0,0,0,0,0,0,0,0,0,0,1,0,1,0,0,1,0,1,0,0,0,0,0,1,0,1,0,0,0,0,0,0,0,0,0,0,0,0,0,1,0,0,0,0,0,0,0,0,0,0,0,0,0,0,0,1,1,0,3,33,113,1007.579611,5026.049628,11070.91617,1007.579611,1,11146.81991
Howells Pond,8/12/2005,2005,Hartland,42.02222,-72.99288,CT,CAES,N,5.79,1.372,2.468,N,0,0,0,0,0,0,0,0,0,0,0,0,0,0,9,0,9,0.0375,5.4,29.5,4.5,1.2,0,0,1,0,0,0,0,0,0,0,0,0,0,0,0,0,0,0,0,0,0,0,0,0,0,0,0,0,0,0,0,0,0,0,0,0,0,0,0,0,0,0,0,0,0,0,1,0,0,0,0,0,1,0,0,0,1,0,0,0,0,0,0,0,0,0,1,0,0,0,1,0,0,1,0,0,0,0,0,0,0,0,0,0,0,0,0,0,0,0,0,0,0,0,0,0,0,1,0,0,0,0,0,0,0,0,0,0,0,0,0,0,0,0,1,0,0,0,3,18,45,22692.24041,22692.24041,11935.99447,22692.24041,1,9277.620921
Hummers Pond,7/28/2005,2005,Madison,41.28351,-72.58265,CT,CAES,N,3.08,1.994,2,Y,0.44,0.44,0.44,0.44,0,0,0,0,0,0,0,0,0,1,9,1,8,0.0755,6.05,196.5,31.5,1.5,0,0,1,0,0,0,0,0,1,0,0,0,0,0,0,0,0,0,0,0,0,0,0,0,0,0,0,0,0,0,0,0,0,0,0,0,0,0,0,0,0,0,0,0,0,0,0,0,0,0,0,0,0,0,0,0,1,1,0,0,0,0,0,0,0,0,0,0,0,0,1,0,0,0,1,0,0,0,0,0,0,0,0,0,0,0,0,0,0,0,0,0,0,0,0,0,0,0,0,0,0,0,0,0,0,0,1,0,0,0,0,1,0,0,0,0,0,0,0,15,51,9187.466397,9187.466397,22965.83406,3711.061666,0,2414.44272
Indian Lake (1),8/3/2006,2006,Orange,41.25053,-73.00999,CT,CAES,N,10.93,2.028,4,Y,0.0333,0.0333,0.0333,0.0333,0,0,1,0,0,0,0,0,0,1,13,2,11,0.069,7.05,228.5,55.9,1,0,0,0,0,0,0,0,0,0,1,1,0,0,0,0,0,0,1,0,0,1,0,0,0,0,0,0,0,0,0,0,0,0,0,0,0,0,0,0,0,0,0,0,0,0,0,0,0,0,0,0,0,0,1,0,0,1,1,0,0,0,0,0,0,0,0,1,0,0,0,1,0,0,1,0,0,0,0,0,0,0,0,0,0,0,1,0,0,0,0,0,0,0,0,0,0,0,0,0,0,0,0,0,0,0,0,0,0,0,0,0,0,0,0,0,0,0,0,2,13,54,11016.96598,11016.96598,3711.061666,11016.96598,0,13063.28789
Indian Lake (2),8/10/2009,2009,Sharon,41.91828,-73.49461,CT,CAES,N,82.96,1.58,3,Y,6.00E-04,6.00E-04,6.00E-04,6.00E-04,0,0,0,0,0,0,1,0,0,0,21,1,20,0.014,7.5,116.25,274,2,0,0,1,0,0,0,0,0,1,0,0,0,0,0,0,0,0,0,0,1,0,0,0,0,0,0,0,0,0,0,0,0,0,0,0,0,1,0,0,0,0,0,0,0,1,0,0,0,0,1,0,0,1,0,0,0,0,1,0,0,0,0,0,0,0,0,0,0,0,0,0,0,1,0,0,0,1,0,1,0,0,0,0,0,0,1,1,1,0,0,1,0,1,0,0,0,0,0,0,0,0,0,0,1,0,0,1,0,0,0,0,1,0,0,0,1,0,0,0,18,48,48241.29475,26100.17401,19699.24797,26100.17401,0,31841.39359
Ingham Pond (Lake Rockview),7/22/2005,2005,Old Saybrook,41.29901,-72.39684,CT,CAES,N,5.79,1.311,10,N,0,0,0,0,0,0,0,0,0,0,0,0,0,0,13,0,13,0.039,5.8,78.3,12.75,3.7,0,0,1,0,0,0,0,0,0,0,0,0,0,0,0,1,1,0,0,0,0,0,0,0,0,0,0,0,0,0,1,0,0,0,0,0,0,0,0,0,0,0,0,0,0,0,0,0,0,0,1,0,0,0,0,0,0,1,0,0,0,0,0,0,0,0,1,0,0,0,1,0,0,1,0,1,0,0,0,0,0,0,0,0,1,0,0,0,0,0,0,0,0,0,0,0,0,0,0,0,0,0,0,0,0,0,1,0,0,0,0,1,0,0,0,0,0,0,2,25,81,1452.948972,16249.46303,26100.17401,1452.948972,0,3160.923793
Ivoryton Pond,8/21/2006,2006,Ivoryton,41.34751,-72.43418,CT,CAES,N,1.01,1.482,2,N,0,0,0,0,0,0,0,0,0,0,0,0,0,0,8,0,8,0.055,6.6,89.5,29.25,2,0,0,1,1,0,0,0,0,0,0,0,0,0,0,0,0,0,0,0,0,1,0,0,0,0,0,0,0,0,0,0,0,0,0,0,0,0,0,0,0,0,0,0,0,0,0,0,0,0,0,0,0,0,0,0,0,1,0,0,0,0,0,0,0,0,0,0,0,0,0,1,0,0,0,0,0,0,0,0,0,0,0,0,0,1,1,0,0,0,0,0,0,0,0,0,0,0,0,0,0,0,0,0,0,0,0,0,0,0,0,0,0,0,0,1,0,0,0,1,27,102,5425.057324,17318.64743,15661.29659,5425.057324,0,3121.687521
Keley (Kelsey) Pond,8/8/2006,2006,Guilford,41.36054,-72.70377,CT,CAES,N,4.45,1.378,1,N,0,0,0,0,0,0,0,0,0,0,0,0,0,0,3,0,3,0.038,6.45,112.5,24.4,0.75,0,0,1,0,0,0,0,0,0,0,0,0,0,0,0,0,0,0,0,0,0,0,0,0,0,0,0,0,0,0,0,0,0,0,0,0,0,0,0,0,0,0,0,0,0,0,0,0,0,0,0,0,0,0,0,0,0,0,0,0,0,0,0,0,0,0,0,0,0,0,1,0,0,0,0,0,0,0,0,0,0,0,0,0,0,0,0,0,0,0,0,0,0,0,0,0,0,1,0,0,0,0,0,0,0,0,0,0,0,0,0,0,0,0,0,0,0,0,1,17,64,3809.681832,3809.681832,14322.23315,3809.681832,0,31569.27539
Lakeview Lake (Willow Lake),8/18/2006,2006,West Hartford,41.80343,-72.77213,CT,CAES,N,1.09,1.343,1,Y,0.1605,0.1605,0.1605,0.1605,0,0,1,0,0,0,0,1,0,0,7,2,5,0.053,6.8,178,63.9,1.3,0,0,0,0,0,0,0,0,0,0,0,0,0,0,0,0,0,0,0,0,0,0,1,0,0,0,0,0,0,0,0,0,0,0,0,0,0,1,0,0,0,0,0,0,0,0,0,0,0,0,1,0,0,0,0,0,0,0,0,0,0,0,0,0,0,0,0,0,0,0,1,0,0,0,0,0,0,0,0,0,0,0,0,0,0,0,0,0,0,0,0,0,0,1,0,0,0,0,0,0,0,0,0,0,0,0,0,0,0,0,0,0,0,0,0,0,0,0,1,21,61,12073.58882,4544.902546,9881.516986,4544.902546,0,1990.663524
Larkin Pond,7/3/2011,2011,Middlebury,41.50103,-73.11168,CT,CAES,N,3.44,1.349,3,Y,0.0094,0.0094,0.0094,0.0094,0,0,1,0,0,0,0,0,0,0,11,1,10,0.056,7.65,130,13.9,0.8,0,0,1,0,0,0,0,0,0,1,0,0,0,1,0,0,0,0,0,0,0,0,0,0,0,0,0,0,0,0,0,0,0,0,0,0,0,0,0,0,0,0,0,0,0,0,0,0,0,0,0,0,0,0,0,0,1,1,0,0,0,0,0,0,0,0,1,0,0,0,0,0,0,1,0,0,0,0,0,0,0,0,0,0,0,1,0,0,0,0,0,0,0,1,0,0,0,0,0,0,0,1,0,0,0,0,0,0,0,0,0,0,0,0,0,0,0,0,2,13,73,3473.295575,3473.295575,11822.35676,3473.295575,0,3328.090239
Laurel Lake,combined,comb,New Hartford,41.88743,-73.01997,CT,CAES,Y,6.47,1.388,7,N,0,0,0,0,0,0,0,0,0,0,0,0,0,0,19,0,19,0.0545,6.35,111.5,32.25,3.6,1,0,0,0,0,0,0,0,0,1,0,0,0,1,0,0,1,0,0,0,0,0,0,0,0,0,1,0,0,0,0,0,0,0,0,0,1,0,0,0,0,0,0,0,0,0,0,0,0,0,1,0,0,1,0,0,0,0,0,0,0,0,1,0,0,0,0,0,1,0,1,0,0,1,0,0,0,0,1,0,0,0,0,0,0,1,0,0,0,0,0,0,0,1,0,0,0,1,0,0,0,1,0,0,0,0,0,0,1,0,0,0,0,0,0,1,0,0,0,11,39,11088.93622,11088.93622,23569.81964,11088.93622,0,9582.054816
Linsley Pond,8/25/2005,2005,"Branford, North Branford",41.31704,-72.78478,CT,CAES,N,9.27,1.183,13.41,N,0,0,0,0,0,0,0,0,0,0,0,0,0,0,9,0,9,0.174,6.35,299,100.5,4.5,0,0,0,0,0,0,0,0,1,0,0,0,0,0,0,0,0,0,0,0,1,0,0,0,0,0,0,0,0,0,0,0,0,0,0,0,0,0,0,0,0,0,0,0,0,0,0,0,0,0,0,0,0,0,0,0,1,1,0,0,0,0,0,0,0,0,0,0,0,0,0,0,0,0,1,0,1,0,0,0,0,0,0,0,0,0,1,0,0,0,1,0,0,0,0,0,0,0,0,0,0,0,0,0,0,0,0,0,0,0,0,0,0,0,0,0,0,1,3,25,73,566.9563218,2798.082192,11391.0917,566.9563218,0,11497.1798
Long Meadow Pond,combined,comb,Bethlehem,41.6535,-73.20825,CT,CAES,Y,40.47,2.168,2.134,N,0,0,0,0,0,0,0,0,0,0,0,0,0,0,31,0,31,0.0964,6.925,88.05,17.8125,1.85,1,0,1,0,0,0,0,0,1,1,1,0,0,1,0,0,1,0,0,1,1,0,0,0,0,0,1,0,0,0,0,0,0,0,0,0,0,1,0,0,0,0,0,0,0,0,0,0,0,0,1,0,1,1,0,0,1,1,0,0,0,0,0,0,0,0,1,0,1,0,1,0,1,1,1,0,0,0,0,0,0,0,0,0,0,0,0,0,0,1,0,0,0,0,0,0,0,1,0,0,0,1,0,0,0,0,1,1,1,0,1,0,0,0,1,1,0,0,1,14,60,10873.32833,15515.6212,5174.777594,10873.32833,0,23401.68282
Lower Moodus Reservoir,combined,comb,Moodus,41.51451,-72.42203,CT,CAES,Y,50.99,2.115,4,Y,1.00E-04,1.00E-04,1.00E-04,1.00E-04,0,0,1,0,0,0,0,0,0,0,36,1,35,0.034,6.025,72.3,10.325,1.75,0,0,1,1,1,0,0,0,1,1,0,0,1,1,0,0,1,0,0,0,1,1,0,0,1,0,1,0,0,0,0,0,0,0,0,0,1,0,0,0,0,0,0,0,1,0,1,0,0,0,1,0,0,0,0,0,1,1,0,0,0,0,0,0,0,0,1,0,1,0,1,0,1,1,1,0,0,0,0,0,0,0,0,0,1,1,0,0,0,0,0,0,0,1,0,0,0,1,0,1,0,1,0,0,0,0,1,0,1,0,0,1,1,0,0,1,0,0,4,32,65,1714.060582,21834.24236,22688.95787,1714.060582,1,23401.68282
Lower Pond,9/13/2006,2006,Lyme,41.39284,-72.37909,CT,CAES,N,1.62,1.252,1.7,N,0,0,0,0,0,0,0,0,0,0,0,0,0,0,17,0,17,0.0165,6.55,54.8,6.3,1.6,0,0,1,0,0,0,0,0,0,1,0,0,0,0,0,0,0,0,0,0,0,0,0,0,0,0,0,0,0,0,0,0,0,0,0,0,0,1,0,0,0,0,0,1,1,0,0,0,0,1,0,0,0,0,0,0,1,1,0,0,0,0,0,0,0,1,0,0,0,0,0,0,0,0,0,0,0,0,0,0,0,0,0,0,1,0,0,0,0,0,0,1,0,1,0,0,0,1,0,0,0,0,1,0,0,0,1,0,0,0,0,1,0,0,1,0,0,0,2,27,97,10599.2973,12622.95834,1714.060582,10599.2973,0,24463.59044
Lucky Pond (Galko Farm Pond),7/8/2005,2005,Wallingford,41.46451,-72.85655,CT,CAES,Y,0.4,1.776,2.5,Y,0.0012,0.0012,0.0012,0.0012,0,0,1,0,0,0,0,0,0,0,7,1,6,0.1935,7.1,116,53.63,0.7,0,0,0,0,0,0,0,0,0,0,1,0,0,0,0,0,0,0,0,0,0,0,0,0,0,0,0,0,0,0,0,0,0,0,0,0,0,1,0,0,0,0,0,0,0,0,0,0,0,1,0,0,0,0,0,0,0,0,0,0,0,0,0,0,0,0,0,0,0,0,0,0,1,0,1,0,0,0,1,0,0,0,0,0,0,0,0,0,0,0,0,0,0,0,0,0,0,0,0,0,0,0,0,0,0,0,0,0,0,0,0,0,0,0,0,0,0,0,2,10,44,5781.927075,6845.205121,12566.38317,5781.927075,0,4854.666364
Mackenzie Reservoir  2  small,6/30/2005,2005,Wallingford,41.44279,-72.77219,CT,CAES,Y,59.8,1.528,3,Y,0.1421,0.1421,0.1421,0.1421,0,0,1,0,0,0,1,0,0,1,11,3,8,0.0715,6.75,183.5,62.65,0.9,0,0,0,0,0,0,0,0,1,0,0,0,0,0,0,0,0,0,0,0,1,0,0,0,0,0,0,0,0,0,0,0,0,0,0,0,0,0,0,0,0,0,0,0,0,0,0,0,0,1,0,0,0,0,0,0,0,0,0,0,0,0,0,0,1,0,0,0,0,0,0,0,1,0,1,1,0,0,0,0,0,0,0,0,0,0,0,0,0,0,0,0,0,0,0,0,0,0,0,1,0,0,0,0,0,0,0,0,0,0,0,0,0,0,0,0,0,0,2,11,48,2389.352667,4564.594537,6845.205121,2389.352667,0,4742.627629
Mamanasco Lake,combined,comb,Ridgefield,41.32008,-73.52723,CT,CAES,Y,35.7,1.674,3.353,Y,4.00E-04,7.00E-04,7.00E-04,1.00E-04,0,0,1,0,0,0,0,0,0,0,11,1,10,0.0524,7.8,271.25,75.1875,1.4,0,0,0,0,0,0,0,0,1,0,0,0,0,0,0,0,1,0,0,0,0,0,0,0,0,0,0,0,0,0,0,0,0,0,0,0,1,0,0,0,0,0,0,0,0,0,0,0,0,1,0,0,0,1,0,0,1,1,0,0,0,0,0,0,0,0,1,0,0,0,0,0,1,0,0,0,0,0,0,0,0,0,0,0,0,1,0,0,0,0,0,0,0,0,0,0,0,0,0,0,0,0,0,0,0,0,0,0,0,0,0,0,0,0,0,0,0,0,2,47,133,6583.240369,13812.1822,4775.834343,6583.240369,1,4742.627629
Merriman Pond,9/8/2005,2005,Watertown,41.63474,-73.11386,CT,CAES,N,14.37,2.145,3,N,0,0,0,0,0,0,0,0,0,0,0,0,0,0,8,0,8,0.0395,6,100.5,33.75,1.5,0,0,1,1,0,0,0,0,1,0,0,0,0,0,0,0,0,0,0,0,0,0,0,0,0,0,0,0,0,0,0,0,0,0,0,0,0,0,0,0,0,0,0,0,1,0,0,0,0,0,0,0,0,0,0,0,0,0,0,0,0,0,0,0,0,0,0,0,0,0,0,0,0,1,0,0,0,0,0,0,0,0,0,0,0,0,0,0,0,0,0,0,0,0,0,0,0,0,0,0,0,0,0,0,0,0,1,0,0,0,0,1,1,0,0,0,0,0,2,17,71,3939.716128,12588.57338,13812.1822,3939.716128,0,3963.017137
Messerschmidt Pond,8/16/2005,2005,"Deep River, Westbrook",41.33882,-72.48377,CT,CAES,N,29.54,1.924,4.877,N,0,0,0,0,0,0,0,0,0,0,0,0,0,0,19,0,19,0.0355,6.2,130,46.13,2.8,0,0,1,1,0,0,0,0,0,0,0,0,0,0,0,1,0,1,0,0,0,1,0,0,1,0,0,0,0,0,0,0,0,0,0,0,0,0,0,0,0,0,0,0,1,0,0,0,0,0,0,0,0,0,0,0,1,1,0,0,1,0,0,0,0,0,0,0,0,0,1,0,0,1,0,0,0,0,0,0,0,0,0,0,1,1,0,0,0,0,0,0,0,0,0,0,0,0,0,0,0,0,0,0,0,0,0,1,0,0,1,1,1,0,1,0,0,0,2,27,89,7191.693524,18111.29563,21150.19958,7191.693524,1,22.68792418
Mill Pond Park,9/4/2009,2009,Newington,41.69472,-72.73002,CT,CAES,Y,1.46,1.397,2.8,Y,0.3566,0.4938,0.4938,0.2195,0,1,1,0,0,0,0,0,0,0,5,2,3,0.1205,6.85,361,180.4,1.2,0,0,0,0,0,0,0,0,1,0,0,0,0,0,0,0,0,0,0,0,1,0,1,0,0,0,0,0,0,0,0,0,0,0,0,0,0,0,0,0,0,0,0,0,0,0,0,0,0,0,0,0,0,0,0,0,0,0,0,0,0,0,0,0,0,0,0,1,0,0,0,0,1,0,0,0,0,0,0,0,0,0,0,0,0,0,0,0,0,0,0,0,0,0,0,0,0,1,0,0,0,0,0,0,0,0,0,0,0,0,0,0,0,0,0,1,0,0,0,12,77,9653.367976,13298.21652,10311.0924,9653.367976,0,9750.485646
Millers Pond,8/22/2005,2005,Durham,41.47727,-72.63283,CT,CAES,N,13.19,1.69,5.49,N,0,0,0,0,0,0,0,0,0,0,0,0,0,0,6,0,6,0.006,5.35,24,1.13,4,0,0,0,0,0,0,0,0,0,0,1,0,0,0,0,0,0,1,0,0,0,0,0,0,1,0,1,0,0,0,0,0,0,0,0,0,0,0,0,0,0,0,0,0,0,0,1,0,0,0,0,0,0,0,0,0,0,0,0,0,0,0,0,0,0,0,0,0,0,0,0,0,0,0,0,0,0,0,0,0,0,0,0,0,0,1,0,0,0,0,0,0,0,0,0,0,0,0,0,0,0,0,0,0,0,0,0,0,0,0,0,0,0,0,0,0,0,0,0,12,59,9255.557128,10636.89953,10142.78875,9255.557128,0,6746.592858
"Mills Pond, Lower",7/27/2005,2005,Canton,41.82456,-72.91158,CT,CAES,Y,0.4,1.115,1.5,Y,0.77,1,1,0.54,0,0,0,0,0,0,0,0,1,0,8,1,7,0.0455,6.2,125,27.38,1,0,0,0,0,0,0,0,0,1,0,0,0,0,0,0,0,0,0,0,0,1,0,0,0,0,0,0,0,0,0,0,0,0,0,0,0,0,0,0,0,0,0,0,0,0,0,0,0,0,1,0,0,1,0,0,0,0,1,0,0,0,0,0,0,0,0,0,0,0,0,0,0,0,0,0,0,0,0,0,0,0,0,0,0,0,1,0,0,0,0,0,0,0,0,0,0,0,0,0,0,0,0,0,0,0,0,1,0,0,0,0,0,0,0,0,0,0,0,1,13,42,305.8066508,305.8066508,9255.557128,305.8066508,0,26269.61377
"Mills Pond, Upper",7/27/2005,2005,Canton,41.82656,-72.91411,CT,CAES,Y,1.78,1.581,1.5,Y,0.24,0.24,0.24,0.24,0,0,1,0,0,0,1,0,0,0,10,2,8,0.105,6,149,33,1,0,0,1,0,0,0,0,0,1,0,0,0,0,0,0,0,0,0,0,0,1,0,0,0,0,0,0,0,0,0,0,0,0,0,0,0,0,1,0,0,0,0,0,0,0,0,0,0,0,0,0,0,0,0,0,0,0,1,0,0,0,0,0,0,0,0,0,0,0,0,0,0,0,0,0,0,0,0,0,0,0,0,0,0,0,1,0,0,0,0,1,0,0,0,0,0,0,0,0,0,0,0,0,0,0,0,1,0,0,0,0,0,0,0,0,0,0,0,1,12,39,12073.58882,20524.06654,11822.35676,305.8066508,0,11145.40518
Mohawk Pond,9/13/2005,2005,"Cornwall, Goshen",41.81138,-73.29292,CT,CAES,N,6.56,1.12,8,N,0,0,0,0,0,0,0,0,0,0,0,0,0,0,18,0,18,0.018,5.7,35.85,9,5.4,0,0,1,0,0,0,0,0,0,0,0,0,0,0,0,0,0,0,0,0,1,1,0,0,0,0,0,0,0,0,0,0,0,0,0,0,0,0,0,0,0,0,0,0,0,0,1,0,0,0,0,1,0,0,0,0,1,1,0,0,0,0,0,0,0,0,0,0,1,0,1,0,0,1,0,0,0,0,1,0,0,0,0,0,0,0,0,0,0,0,0,0,0,1,0,0,0,0,0,0,0,0,0,1,0,0,1,1,0,0,0,1,1,0,1,0,0,0,2,15,44,28418.46591,17158.92785,305.8066508,20524.06654,1,6318.000261
Mono Pond,9/19/2012,2012,Columbia,41.67663,-72.31115,CT,CAES,N,41.28,2.128,2,N,0,0,0,0,0,0,0,0,0,0,0,0,0,0,15,0,15,0.0132,6.15,23.1,6.75,2,0,0,1,1,0,0,0,0,0,0,0,0,1,0,0,0,1,0,0,0,1,0,0,0,0,0,0,0,0,0,0,0,0,0,0,0,0,0,0,0,0,0,0,0,1,0,0,0,0,0,0,0,0,0,0,0,1,1,0,0,0,0,0,0,0,0,0,0,0,0,1,0,0,0,1,0,0,0,0,0,0,0,0,0,1,0,0,0,0,0,0,0,0,0,0,0,0,0,0,0,0,0,0,0,0,0,1,0,1,0,0,1,1,0,0,0,0,0,1,17,53,17158.92785,12722.54469,20922.00871,17158.92785,1,6493.863076
Moosup Pond,combined,comb,Plainfield,41.73433,-71.86675,CT,CAES,Y,38.77,1.21,6,N,0,0,0,0,0,0,0,0,0,0,0,0,0,0,32,0,32,0.1089,6.225,53.075,11.375,2.95,0,0,1,0,1,0,0,0,1,1,0,0,0,0,0,1,0,1,0,0,1,1,0,1,1,0,0,0,0,0,0,0,0,0,0,0,0,0,0,0,0,0,0,0,1,1,0,1,0,0,1,0,0,0,0,0,1,1,0,0,1,0,0,0,0,0,1,0,0,0,1,0,0,1,1,1,0,0,0,0,0,0,0,0,1,0,0,0,1,0,0,0,0,0,0,0,0,0,0,0,0,0,0,1,0,0,1,1,0,0,0,1,1,1,1,1,0,0,1,12,31,12722.54469,14998.93461,17158.92785,12722.54469,0,4246.701587
Morey Pond,8/23/2005,2005,"Ashford, Union",41.96006,-72.1922,CT,CAES,N,18.13,2.461,3.5,N,0,0,0,0,0,0,0,0,0,0,0,0,0,0,24,0,24,0.0155,5.7,227.5,7.88,3.5,0,0,1,0,0,0,0,0,0,0,1,0,0,0,0,1,0,1,0,0,1,1,0,0,1,0,0,0,0,1,0,0,0,0,1,0,0,0,0,0,0,0,0,0,0,0,1,0,0,0,1,0,0,0,0,0,1,1,0,0,0,0,0,0,0,0,0,0,0,0,1,0,0,1,0,0,0,0,1,0,0,0,0,0,0,1,0,0,0,0,0,1,0,0,0,0,0,1,0,0,0,0,0,1,0,0,1,0,0,0,0,1,1,0,1,0,0,0,1,24,118,15303.03947,10277.30386,12722.54469,14998.93461,0,22682.23732
Muddy Pond,6/20/2013,2013,Woodstock,42.02185,-72.03045,CT,CAES,N,15.41,1.669,3,N,0,0,0,0,0,0,0,0,0,0,0,0,0,0,14,0,14,0.0109,6.55,84,14.65,2.5,0,0,1,0,0,0,0,0,0,0,0,0,0,1,0,0,1,0,0,0,0,1,0,0,1,0,1,0,0,0,0,0,0,0,0,0,1,0,0,0,0,0,0,0,1,0,0,0,0,0,0,0,0,0,0,0,1,1,0,0,0,0,0,0,0,0,1,0,0,0,0,0,0,0,0,0,0,0,0,0,0,0,0,0,0,0,0,0,0,0,0,1,0,0,0,0,0,0,0,0,0,0,0,0,0,0,1,0,1,0,0,0,0,0,0,0,0,0,0,31,117,25164.53315,13355.07272,25164.53315,10277.30386,0,22883.83993
Mystic Seaport Pond,9/8/2006,2006,Mystic,41.36302,-71.96287,CT,CAES,N,0.12,1.255,2,N,0,0,0,0,0,0,0,0,0,0,0,0,0,0,9,0,9,0.024,6.8,123.5,26.5,1.5,0,0,0,0,0,0,0,0,0,0,0,0,0,0,0,0,0,0,0,0,0,0,0,0,0,1,0,0,0,0,0,0,0,0,0,0,0,1,0,0,0,0,0,0,0,0,0,0,0,0,0,0,0,0,0,0,1,1,0,0,0,0,0,0,0,0,1,0,0,0,0,0,0,0,0,0,0,0,1,0,0,0,0,0,0,0,0,0,0,0,0,0,0,0,0,1,0,0,0,0,0,1,0,1,0,0,0,0,0,0,0,0,0,0,0,0,0,0,0,13,70,8373.886722,10724.19335,23162.71888,8373.886722,0,12142.8831
Nichols Pond,6/29/2005,2005,Oxford,41.41707,-73.13694,CT,CAES,N,5.14,1.373,1.5,Y,2.00E-04,2.00E-04,2.00E-04,2.00E-04,0,0,1,0,0,0,0,0,0,0,9,1,8,0.0525,5.25,77.65,4.5,0.9,0,0,1,0,0,1,0,0,0,0,0,0,0,0,0,0,0,0,0,0,0,0,0,0,0,0,0,0,0,0,0,0,0,0,0,0,0,0,0,0,0,0,0,0,0,0,1,0,0,0,0,0,0,0,0,0,1,1,0,0,0,0,0,0,0,0,0,0,0,0,1,0,0,0,0,0,0,0,0,0,0,0,0,0,0,0,0,0,0,0,0,0,0,0,0,0,0,0,0,0,0,0,0,0,0,0,1,0,0,0,0,0,0,0,1,0,0,0,0,15,69,9559.735205,4775.834343,21329.78088,9559.735205,0,5659.415732
North Farms Reservoir,9/9/2009,2009,Wallingford,41.48544,-72.77947,CT,CAES,Y,26.06,1.361,2,Y,0.0504,0.0504,0.0504,0.0504,0,0,1,0,0,0,1,1,0,0,9,3,6,0.073,7.2,118.5,131.65,1.1,0,0,0,0,0,0,0,0,1,0,0,0,0,0,0,0,0,0,0,1,1,0,0,0,0,0,0,0,0,0,0,0,0,0,0,0,0,0,0,0,0,0,0,0,0,0,0,0,0,0,0,0,0,1,0,0,0,1,0,0,0,0,0,0,0,0,0,0,0,0,0,0,0,0,0,0,0,0,0,0,0,0,0,0,0,1,0,0,0,0,0,0,0,0,0,0,0,0,0,0,0,0,0,0,0,0,0,0,0,0,0,0,0,0,0,0,0,0,0,18,58,4775.834343,8805.442704,4775.834343,4775.834343,1,31215.00095
North Pond (Laurelwood Lake),9/23/2005,2005,Madison,41.35674,-72.62813,CT,CAES,N,3.28,1.638,1.3,N,0,0,0,0,0,0,0,0,0,0,0,0,0,0,12,0,12,0.044,6,154,17.63,1.3,0,0,1,0,1,0,0,0,0,0,0,0,0,0,0,0,0,0,0,0,0,0,0,0,0,0,0,0,0,0,0,0,0,0,0,0,0,1,0,0,0,0,0,0,0,0,1,0,0,0,1,0,0,0,0,0,0,1,0,0,0,0,0,0,0,0,0,0,0,0,0,0,0,1,0,0,0,0,1,0,0,0,0,0,0,1,0,0,0,0,0,0,0,0,0,0,0,1,0,0,0,0,0,0,0,0,1,0,0,0,0,0,1,0,0,0,0,0,0,20,68,7098.309796,5323.4371,6897.877225,6897.877225,0,23596.40412
Oakwood Pond,7/14/2006,2006,Guilford,41.33061,-72.73172,CT,CAES,N,0.2,1.592,1.8,Y,0.008,0.008,0.008,0.008,0,0,1,0,0,0,0,0,0,0,13,1,12,0.091,6.6,148.5,22.9,1,0,0,0,0,0,1,0,0,0,1,0,0,0,0,0,1,0,1,1,0,0,0,0,0,0,0,0,0,0,0,0,0,0,0,0,0,0,1,0,0,0,0,0,0,0,0,0,0,0,0,1,0,0,0,0,0,0,1,0,0,0,0,0,1,0,0,0,0,0,0,1,0,0,0,0,0,0,0,0,0,0,0,0,0,0,0,0,0,0,0,0,0,0,0,0,0,0,0,0,0,0,1,0,0,0,0,1,0,0,0,0,0,0,0,0,0,0,0,2,20,65,4187.09202,5624.860303,7620.371438,4187.09202,0,38472.23825
One Acre Pond,6/16/2011,2011,Madison,41.2947,-72.62439,CT,CAES,N,0.4,1.118,3,Y,0.6611,0.6611,0.6611,0.6611,0,0,0,0,0,0,0,1,0,0,9,1,8,0.0425,6.75,294,45.05,1.8,0,0,0,0,0,0,0,0,0,0,1,0,0,0,0,0,0,0,0,0,0,0,0,0,0,0,0,0,0,0,0,0,0,1,0,0,0,1,0,0,0,0,0,0,0,0,0,0,0,0,0,0,0,0,0,0,0,1,0,0,0,0,0,0,0,0,1,0,0,0,0,0,0,0,1,0,0,0,0,0,0,0,0,0,0,0,0,0,0,0,0,0,0,0,0,0,0,0,0,0,0,1,0,1,0,0,0,0,0,0,0,0,0,0,0,0,0,0,1,14,59,5624.860303,13652.32508,3711.061666,3711.061666,0,135.7216727
Paderewski Park Pond,8/24/2005,2005,Plainville,41.68265,-72.84798,CT,CAES,N,6.39,1.188,2,N,0,0,0,0,0,0,0,0,0,0,0,0,0,0,6,0,6,0.043,6.35,144,30.75,0.9,0,0,0,0,0,0,0,0,0,0,0,0,0,0,0,0,0,0,0,0,1,0,0,0,0,0,0,0,0,0,0,0,0,0,0,0,0,0,0,0,0,0,0,0,0,0,0,0,0,1,1,0,0,1,0,0,0,0,0,0,0,0,0,0,0,0,0,0,1,0,0,0,0,0,0,0,0,0,0,0,0,0,0,0,0,1,0,0,0,0,0,0,0,0,0,0,0,0,0,0,0,0,0,0,0,0,0,0,0,0,0,0,0,0,0,0,0,0,2,19,95,1342.277908,9064.465479,1342.277908,1342.277908,0,21816.71322
Pattaganset Lake,combined,comb,East Lyme,41.3741,-72.23028,CT,CAES,Y,51.8,2.396,10.058,Y,0.009,0,0.018,0,0,0,0,0,0,0,1,0,0,0,38,1,37,0.0078,6.6,69.5,13.375,2.45,0,0,1,0,1,0,0,0,1,1,1,0,0,1,0,0,1,0,0,0,1,1,0,0,0,0,1,0,0,0,0,0,0,0,0,0,1,1,0,0,0,0,0,0,1,0,0,1,0,0,1,0,0,0,0,0,1,1,0,0,0,0,1,0,0,0,1,0,0,0,1,0,0,1,0,0,0,0,1,0,1,0,0,0,1,1,0,0,1,1,0,0,0,1,0,0,0,0,0,0,0,1,0,1,0,0,1,1,1,0,0,1,1,0,1,1,0,0,2,29,107,9064.465479,14281.91378,20650.79213,9064.465479,1,5723.107144
Pinewood Lake,8/31/2011,2011,Trumbull,41.25557,-73.17577,CT,CAES,Y,24.36,1.967,4.2,N,0,0,0,0,0,0,0,0,0,0,0,0,0,0,13,0,13,0.024,6.45,124,15,1.3,0,0,0,0,1,0,0,0,0,0,0,0,0,1,0,0,1,0,0,0,0,0,0,0,0,0,1,0,0,0,0,0,0,0,0,0,1,0,0,0,0,0,0,0,0,0,1,0,0,0,1,0,0,1,0,0,1,0,0,0,0,0,0,0,0,0,0,0,0,0,1,0,0,1,0,0,0,0,0,0,0,0,0,0,0,1,0,0,0,0,0,0,0,0,0,0,0,0,0,0,0,0,0,0,0,0,0,0,0,0,0,0,0,0,0,1,0,0,0,24,87,5319.764419,2810.682788,13904.52708,5319.764419,0,8062.413267
Pistapaug Pond,6/29/2005,2005,Wallingford,41.43236,-72.74155,CT,CAES,N,55.2,1.479,12,N,0,0,0,0,0,0,0,0,0,0,0,0,0,0,12,0,12,0.0155,6.75,152.5,46.5,3.2,0,0,0,0,0,0,0,0,1,0,0,0,0,0,0,0,0,1,0,0,0,0,0,0,0,0,0,0,0,0,0,0,0,0,0,0,0,0,0,0,0,0,0,0,0,0,0,0,0,1,1,0,0,0,0,0,1,0,0,0,0,0,0,0,1,0,0,0,1,0,1,0,0,0,0,1,1,0,0,0,0,0,0,0,0,1,0,0,0,0,0,0,0,1,0,0,0,0,0,0,0,0,0,0,0,0,0,0,0,0,0,0,0,0,0,0,0,0,1,15,59,1608.871918,10984.71906,2810.682788,1608.871918,0,6933.159927
Pocotopaug Lake,8/16/2006,2006,East Hampton,41.59784,-72.49581,CT,CAES,N,206.79,1.604,7,N,0,0,0,0,0,0,0,0,0,0,0,0,0,0,2,0,2,0.0615,6,107.5,13.9,0.5,0,0,0,0,0,0,0,0,0,0,0,0,0,0,0,0,0,0,0,0,0,0,0,0,0,0,0,0,0,0,0,0,0,0,0,0,0,0,0,0,0,0,0,0,0,0,0,0,0,0,1,0,0,0,0,0,0,0,0,0,0,0,0,0,0,0,0,0,0,0,0,0,0,0,0,0,0,0,0,0,0,0,0,0,0,0,0,0,0,0,0,0,0,0,0,0,0,0,0,0,0,0,0,0,0,0,0,0,0,0,0,0,0,0,0,1,0,0,2,16,51,10984.71906,2585.60993,12789.67458,10984.71906,0,2157.267357
Powers Lake,7/6/2007,2007,East Lyme,41.39259,-72.24905,CT,CAES,N,58.27,1.982,14,N,0,0,0,0,0,0,0,0,0,0,0,0,0,0,21,0,21,0.016,7,23.15,2.3,3,0,0,1,1,0,0,0,0,0,0,0,1,0,0,0,1,1,0,0,0,0,0,0,0,1,0,1,0,0,0,0,0,0,0,0,0,0,0,0,0,0,0,0,0,1,0,0,0,0,0,1,0,0,0,0,0,1,1,0,0,0,0,0,0,0,0,1,0,0,0,1,0,0,0,1,0,0,0,0,0,0,0,0,0,1,0,0,0,0,0,0,0,0,1,0,0,0,0,0,0,0,0,0,1,0,0,1,0,0,0,0,1,1,0,1,0,0,0,2,28,108,10875.79365,20403.96632,18095.53248,2585.60993,1,16104.30723
Private Pond (1),6/29/2011,2011,Pawcatuck,41.38053,-71.8605,CT,CAES,N,1.01,1.234,3,N,0,0,0,0,0,0,0,0,0,0,0,0,0,0,13,0,13,0.009,6.65,79.6,30.4,3,0,0,0,0,1,0,0,0,0,0,0,0,0,1,0,0,1,0,0,0,0,0,0,0,0,0,0,0,0,0,0,0,0,0,0,0,0,1,0,0,0,0,0,0,0,0,0,0,0,1,0,0,0,1,0,0,0,0,0,0,0,0,0,0,1,0,0,0,0,0,1,0,0,0,0,0,0,0,0,0,0,0,1,1,0,0,0,0,0,0,0,0,0,0,0,0,0,1,0,0,0,1,0,0,0,0,1,0,0,0,0,0,0,0,0,0,0,0,1,11,35,11150.01879,20542.22043,20403.96632,11150.01879,0,3052.571325
Private Pond (2),6/29/2011,2011,Pawcatuck,41.37927,-71.86087,CT,CAES,N,0.2,1.066,3,N,0,0,0,0,0,0,0,0,0,0,0,0,0,0,5,0,5,0.0295,6.5,113.9,21.4,1,0,0,0,0,1,0,0,0,0,0,0,0,0,0,0,0,1,0,0,0,0,0,0,0,0,0,0,0,0,0,0,0,0,0,0,0,0,1,0,0,0,0,0,0,0,0,0,0,0,0,0,0,0,0,0,0,0,1,0,0,0,0,0,0,1,0,0,0,0,0,0,0,0,0,0,0,0,0,0,0,0,0,0,0,0,0,0,0,0,0,0,0,0,0,0,0,0,0,0,0,0,0,0,0,0,0,0,0,0,0,0,0,0,0,0,0,0,0,1,11,35,11206.02603,6043.836388,20542.22043,11206.02603,0,8201.797641
Private Pond (3),8/31/2012,2012,Westport,41.17,-73.35631,CT,CAES,N,0.4,1.064,2.1,Y,0.8302,1,1,0.6605,1,0,1,0,0,0,1,1,0,0,5,4,1,0.1186,6.3,174,30.75,2.1,0,0,0,0,0,0,0,0,0,1,0,0,0,0,0,0,0,0,0,0,0,0,0,0,0,0,0,0,0,0,0,0,0,0,0,0,0,0,0,0,0,0,0,0,0,0,0,0,0,0,0,0,0,0,0,0,0,0,0,0,0,0,0,0,0,0,0,0,0,0,0,0,0,0,0,0,0,0,0,0,0,0,0,0,0,0,0,0,0,0,0,0,0,0,0,0,0,0,0,0,0,0,0,0,0,0,0,0,0,0,0,0,0,0,0,0,0,0,2,21,92,6043.836388,10080.43373,8212.321617,6043.836388,0,5019.56912
Private Pond (4),6/25/2012,2012,Lyme,41.42209,-72.33256,CT,CAES,N,0.01,1.047,0.8,N,0,0,0,0,0,0,0,0,0,0,0,0,0,0,1,0,1,0.0102,5.9,29,5.3,0.8,0,0,0,0,1,0,0,0,0,0,0,0,0,0,0,0,0,0,0,0,0,0,0,0,0,0,0,0,0,0,0,0,0,0,0,0,0,0,0,0,0,0,0,0,0,0,0,0,0,0,0,0,0,0,0,0,0,0,0,0,0,0,0,0,0,0,0,0,0,0,0,0,0,0,0,0,0,0,0,0,0,0,0,0,0,0,0,0,0,0,0,0,0,0,0,0,0,0,0,0,0,0,0,0,0,0,0,0,0,0,0,0,0,0,0,0,0,0,0,15,84,11021.85005,23843.02733,11021.85005,10080.43373,0,4554.650003
Private Pond (5) Lower/West,9/4/2012,2012,Suffield,42.00268,-72.64729,CT,CAES,N,0.23,1.285,0.5,Y,1,1,1,1,1,0,0,0,0,0,0,0,0,0,3,1,2,1.4246,6.6,336,122.25,0.5,0,0,0,0,0,0,0,0,0,0,0,0,0,0,0,0,0,0,0,0,0,0,0,0,0,0,0,0,0,0,0,0,0,0,0,0,0,0,0,0,0,0,0,0,0,0,0,0,0,0,0,0,0,0,0,0,0,0,0,0,0,0,1,0,0,0,0,0,0,0,0,0,0,0,0,0,0,0,0,0,0,0,0,0,0,0,0,0,0,0,0,0,0,0,0,0,0,0,0,0,0,1,0,0,0,0,0,0,0,0,0,0,0,0,0,0,0,0,2,20,76,10660.74693,23767.78488,82.50425868,82.50425868,0,5308.895167
Private Pond (5) Upper/East,9/4/2012,2012,Suffield,42.00276,-72.6463,CT,CAES,N,0.11,1.058,0.5,Y,1,1,1,1,1,0,0,0,0,0,0,1,0,0,4,2,2,0.2035,6.4,184,37.5,0.5,0,0,0,0,0,0,0,0,0,0,0,0,0,0,0,0,0,0,0,0,0,0,0,0,0,0,0,0,0,0,0,0,0,0,0,0,0,0,0,0,0,0,0,0,0,0,0,0,0,0,0,0,0,0,0,0,0,1,0,0,0,0,0,0,0,0,0,0,0,0,0,0,0,0,0,0,0,0,0,0,0,0,0,0,0,0,0,0,0,0,0,0,0,0,0,0,0,0,0,0,0,1,0,0,0,0,0,0,0,0,0,0,0,0,0,0,0,0,2,20,76,10578.93619,14805.77878,24479.3574,82.50425868,0,2712.162318
Private Pond (6),8/13/2013,2013,Clinton,41.33536,-72.52367,CT,CAES,N,0.41,1.285,0.5,N,0,0,0,0,0,0,0,0,0,0,0,0,0,0,12,0,12,0.0934,5.7,35,7.875,1,0,0,1,0,0,0,0,0,0,0,0,0,0,0,0,0,1,0,0,0,0,0,0,0,0,0,0,0,0,0,0,0,0,0,0,0,1,0,0,0,0,0,0,0,0,0,0,0,0,0,1,0,0,0,0,0,1,1,0,0,0,0,0,0,0,0,1,1,0,0,0,0,0,1,0,0,0,0,1,0,0,0,0,0,1,0,0,0,0,0,0,0,0,0,0,0,0,0,0,0,0,0,0,0,0,0,0,0,0,0,0,0,1,0,0,0,0,0,1,16,84,9943.863781,8785.080034,7587.29522,7587.29522,0,2577.650473
Putnam Park Pond,9/27/2011,2011,Easton,41.3388,-73.37758,CT,CAES,N,5.67,2.103,2.5,Y,0.0011,0.0011,0.0011,0.0011,0,0,0,1,0,0,0,0,0,0,17,1,16,0.02,6.2,106.5,26.3,1.5,0,0,0,0,1,0,0,0,0,1,0,0,0,0,0,0,0,0,0,1,0,0,0,0,0,0,0,0,0,0,0,0,0,0,0,0,0,0,0,0,0,0,0,0,0,0,0,0,1,1,0,0,0,0,0,1,1,1,0,0,0,1,0,1,0,0,1,0,1,0,0,0,0,0,0,0,0,0,0,0,0,0,0,0,0,0,0,0,0,0,0,0,0,0,0,0,0,0,0,0,0,1,0,0,0,0,1,0,1,0,0,1,0,0,0,0,0,0,3,24,104,6944.625442,11208.26343,12436.89212,6944.625442,0,5431.010552
Quaddick Reservoir,9/6/2007,2007,Thompson,41.95974,-71.81632,CT,CAES,N,165.11,2.553,6.096,N,0,0,0,0,0,0,0,0,0,0,0,0,0,0,22,0,22,0.0065,6,52.05,3.75,2.8,0,0,1,1,0,0,0,0,0,0,0,0,0,0,0,0,1,0,0,0,0,1,0,0,1,0,0,0,0,0,0,0,0,1,0,0,0,0,0,0,0,0,0,0,1,0,1,0,0,0,1,0,0,0,0,0,1,1,0,0,0,0,0,0,0,0,1,0,0,0,1,0,0,1,0,0,0,0,1,0,0,0,0,0,1,1,0,0,0,0,0,0,0,0,0,0,0,1,0,0,0,0,0,1,0,0,0,0,0,0,0,1,0,0,1,1,0,0,2,26,81,12679.92119,8290.710007,12679.92119,11208.26343,1,3371.325309
Quonnipaug Lake,7/8/2010,2010,Guilford,41.39442,-72.69666,CT,CAES,Y,39.94,2.353,14,Y,0.0034,0.0034,0.0034,0.0034,0,0,1,1,0,0,1,0,0,0,21,3,18,0.0026,7.25,138.5,28.9,3,0,0,1,1,0,0,0,0,1,0,0,0,0,0,0,0,0,0,0,0,1,0,0,0,0,0,0,0,0,0,0,0,0,0,0,0,1,0,0,1,0,0,0,0,1,0,0,0,0,1,0,0,0,0,0,0,1,1,0,0,1,0,0,0,0,0,1,0,1,0,0,0,1,0,1,0,0,0,0,0,0,0,0,0,0,0,0,0,1,0,1,0,0,1,0,0,0,0,0,0,0,0,0,0,0,0,0,0,0,0,0,0,0,0,0,0,0,0,1,18,62,7032.699746,21190.59504,8290.710007,7032.699746,1,4532.686452
Redwing Pond,7/13/2009,2009,Ansonia,41.34442,-73.05247,CT,CAES,N,0.49,1.152,1,Y,0.0173,0.0173,0.0173,0.0173,0,0,1,0,0,0,1,0,0,0,10,2,8,0.018,5.95,57.95,22.15,1.1,0,0,0,0,1,1,1,0,1,0,0,0,0,0,0,0,0,0,0,0,0,0,1,0,0,0,0,0,0,0,0,0,0,0,0,0,0,0,0,0,0,0,0,0,0,0,0,0,0,0,0,0,1,0,0,0,0,0,0,0,0,0,0,0,0,0,0,0,0,0,1,0,0,0,0,0,0,0,0,0,0,0,0,0,0,1,0,0,0,0,0,0,0,0,0,0,0,0,0,0,0,0,0,0,0,0,0,0,0,0,0,0,0,0,0,0,0,0,1,29,82,5615.096492,6016.59568,11016.96598,5615.096492,0,4480.999347
Rogers Lake,7/13/2006,2006,"Lyme, Old Lyme",41.36418,-72.30096,CT,CAES,N,105.22,2.319,19.202,N,0,0,0,0,0,0,0,0,0,0,0,0,0,0,31,0,31,0.0065,7,47,6.75,2.3,0,0,1,0,0,0,0,0,0,1,1,0,0,0,0,1,1,1,0,1,0,0,0,1,1,0,0,0,0,0,0,0,0,0,0,1,0,0,0,0,0,0,0,0,1,0,0,0,0,0,1,0,1,0,0,0,1,1,0,0,0,0,0,0,1,0,0,0,1,0,1,0,0,1,0,0,0,0,1,0,0,0,0,0,0,1,0,0,1,0,0,1,1,1,0,0,0,0,0,0,0,0,0,1,0,0,1,0,0,0,0,1,1,0,1,1,0,0,6,40,111,11772.79336,5311.643617,17883.55099,6016.59568,1,6491.722596
Rolling Ridge Pond,combined,comb,Norwalk ,41.13459,-73.42225,CT,CAES,Y,0.4,1.507,2,Y,0.0144,0.0288,0.0288,0,0,0,1,0,0,0,1,0,0,0,3,2,1,0.1688,6.75,206,26.85,0.6,0,0,0,0,0,0,0,0,0,0,0,0,0,0,0,0,0,0,0,0,0,0,0,0,0,0,0,0,0,0,0,0,0,0,0,0,0,0,0,0,0,0,0,0,0,0,0,0,0,0,0,0,0,0,0,0,1,0,0,0,0,0,0,0,0,0,0,0,0,0,0,0,0,0,0,0,0,0,0,0,0,0,0,0,0,0,0,0,0,0,0,0,0,0,0,0,0,0,0,0,0,0,0,0,0,0,0,0,0,0,0,0,0,0,0,0,0,0,2,27,87,3347.328824,14887.85292,6788.648271,3347.328824,0,23412.26298
Roseland Lake,6/19/2012,2012,Woodstock,41.95089,-71.95093,CT,CAES,N,38.85,1.479,5,Y,2.00E-04,2.00E-04,2.00E-04,2.00E-04,0,0,0,0,0,0,1,0,0,0,12,1,11,0.2085,7.25,95,28.5,1.5,0,0,0,0,1,0,0,0,0,0,0,0,0,0,0,0,0,0,0,0,1,0,0,0,0,0,0,0,0,0,0,0,0,0,0,0,0,0,0,0,0,0,0,0,0,0,0,0,0,0,0,0,0,0,0,0,1,1,0,0,0,1,0,0,0,0,1,0,0,0,0,0,0,1,1,0,0,0,0,0,0,0,0,0,0,0,0,0,1,0,0,0,0,1,0,0,0,0,0,0,0,0,0,0,0,0,0,0,0,0,0,0,0,0,0,1,0,0,1,20,87,14887.85292,663.2180813,14887.85292,14887.85292,0,54274.93823
Route 7 Pond,8/19/2013,2013,Wilton,41.17892,-73.41998,CT,CAES,N,3.56,1.587,5,N,0,0,0,0,0,0,0,0,0,0,0,0,0,0,4,0,4,0.0123,6.85,291,42,2,0,0,0,0,0,0,0,0,1,0,0,0,0,0,0,0,0,0,0,0,1,0,0,0,0,0,0,0,0,0,0,0,0,0,0,0,0,0,0,0,0,0,0,0,0,0,0,0,0,1,0,0,0,0,0,0,0,0,0,0,0,0,0,0,0,0,0,0,1,0,0,0,0,0,0,0,0,0,0,0,0,0,0,0,0,0,0,0,0,0,0,0,0,0,0,0,0,0,0,0,0,0,0,0,0,0,0,0,0,0,0,0,0,0,0,0,0,0,2,28,93,663.2180813,7050.745821,5432.849959,663.2180813,0,7293.23963
Salmon Brook,8/4/2005,2005,Glastonbury,41.71794,-72.60965,CT,CAES,N,0.45,1.367,2,Y,0.0316,0.0316,0.0316,0.0316,0,0,1,0,0,0,0,0,0,0,4,1,3,0.0995,7.7,116,22.13,0.7,0,0,0,0,0,0,0,0,1,0,0,0,0,0,0,0,0,0,0,0,1,0,1,0,0,0,0,0,0,0,0,0,0,0,0,0,0,0,0,0,0,0,0,0,0,0,0,0,0,0,0,0,0,0,0,0,0,0,0,0,0,0,0,0,0,0,0,0,0,0,0,0,0,0,0,0,0,0,0,0,0,0,0,0,0,0,0,0,0,0,0,0,0,0,0,0,0,0,0,0,0,0,0,0,0,0,0,0,0,0,0,0,0,0,0,0,0,0,0,15,56,7050.745821,9371.775107,15148.92566,7050.745821,0,11804.90965
Schreeder Pond,7/28/2005,2005,Killingworth,41.3693,-72.58971,CT,CAES,N,1.58,1.86,3,N,0,0,0,0,0,0,0,0,0,0,0,0,0,0,8,0,8,0.043,5.95,66.35,12.75,1.7,0,0,1,0,0,0,0,0,0,0,0,0,0,0,0,0,0,0,0,0,0,0,0,0,0,0,0,0,0,0,0,0,0,0,0,0,0,0,0,0,0,0,0,0,0,0,0,0,0,0,0,0,0,0,0,0,0,1,0,0,0,0,0,0,0,0,0,0,0,0,0,0,0,1,0,0,0,0,1,0,0,0,0,0,0,1,0,0,0,0,0,0,0,0,0,0,0,1,0,0,0,0,0,0,0,0,0,0,0,0,0,1,0,0,1,0,0,0,1,18,75,9371.775107,3347.328824,8779.829014,8779.829014,0,4512.539384
Scribner Pond,7/27/2011,2011,Norwalk,41.10905,-73.44343,CT,CAES,N,0.97,1.919,2,Y,0.6039,0.7105,0.7105,0.4973,0,0,1,0,0,0,0,0,0,0,3,1,2,0.5045,6.15,117.5,34.15,1.5,0,0,0,0,0,0,0,0,0,0,1,0,0,0,0,0,0,0,0,0,0,0,0,0,0,0,0,0,0,0,0,0,0,0,0,0,0,0,0,0,0,0,0,0,0,0,0,0,0,0,0,0,0,0,0,0,0,0,0,0,0,0,0,0,0,0,0,0,0,0,0,0,1,0,0,0,0,0,0,0,0,0,0,0,0,0,0,0,0,0,0,0,0,0,0,0,0,0,0,0,0,0,0,0,0,0,0,0,0,0,0,0,0,0,0,0,0,0,1,30,87,2667.012995,5615.096492,3623.361812,2667.012995,0,3976.565242
Shelton Reservoir #2,7/15/2005,2005,Shelton,41.31925,-73.11065,CT,CAES,N,2.95,1.536,3,Y,1.00E-04,1.00E-04,1.00E-04,1.00E-04,0,0,1,0,0,0,0,0,0,0,12,1,11,0.0415,6.4,153,18,2.2,0,0,0,0,0,0,0,0,0,0,0,0,0,0,0,0,0,0,0,0,1,0,0,0,0,0,0,0,0,0,0,0,0,0,0,0,0,0,0,0,0,0,0,0,0,0,0,0,0,0,1,1,0,0,0,0,1,0,0,0,0,0,0,0,0,0,0,0,1,0,1,0,0,0,0,0,0,0,0,0,0,0,0,0,0,1,0,0,0,0,0,0,0,1,0,0,0,0,0,0,0,0,0,0,0,0,1,0,0,0,0,1,1,0,0,0,0,0,3,22,72,5615.096492,6927.860523,11372.53902,5615.096492,0,43071.6169
Shelton Reservoir #3,7/15/2005,2005,Shelton,41.30803,-73.11969,CT,CAES,N,4.17,1.733,3.4,N,0,0,0,0,0,0,0,0,0,0,0,0,0,0,6,0,6,0.028,6.2,102,7.13,3,0,0,0,0,0,0,0,0,0,0,0,0,0,0,0,0,0,0,0,0,0,1,0,0,1,0,0,0,0,0,0,0,0,0,0,0,0,0,0,0,0,0,0,0,0,0,0,0,0,0,0,0,0,0,0,0,0,0,0,0,0,0,0,0,0,0,0,0,0,0,1,0,0,0,0,0,0,0,0,0,0,0,0,0,0,0,0,0,0,0,0,0,0,1,0,0,0,0,0,0,0,0,0,0,0,0,0,0,0,0,0,1,1,0,0,0,0,0,4,21,76,1457.856547,1673.626023,11190.48861,1457.856547,0,8775.553325
Silver Lake,7/8/2008,2008,"Berlin, Meriden",41.5794,-72.77293,CT,CAES,Y,60.25,1.718,4.877,Y,0.1086,0.1086,0.1086,0.1086,0,0,0,0,0,0,1,0,0,1,18,2,16,0.1205,8.05,275.5,75,1,0,0,0,0,1,0,0,0,1,0,0,0,0,0,0,0,0,0,0,1,0,1,0,0,0,0,0,0,0,0,0,0,0,0,0,0,0,0,0,0,0,0,0,0,0,0,0,0,0,1,1,0,0,0,0,0,1,1,0,0,0,0,0,0,1,0,1,0,1,0,0,0,1,0,0,0,0,0,0,0,0,0,0,0,0,1,0,0,0,0,1,0,0,0,0,0,0,0,0,0,0,0,0,0,0,0,1,0,0,0,0,0,0,0,0,1,0,0,2,31,101,1673.626023,17854.90715,7909.350015,1673.626023,1,943.8741345
Silvias Pond,9/26/2005,2005,Stonington,41.36044,-71.90922,CT,CAES,N,8.01,1.975,3,N,0,0,0,0,0,0,0,0,0,0,0,0,0,0,4,0,4,0.0905,6.95,226,86.25,1.1,0,0,1,0,0,0,0,0,1,0,0,0,0,0,0,0,0,0,0,0,0,0,0,0,0,0,0,0,0,0,0,0,0,0,0,0,0,0,0,0,0,0,0,0,0,0,0,0,0,0,0,0,0,0,0,0,0,1,0,0,0,0,0,0,0,0,0,0,0,0,0,0,0,0,0,0,0,0,0,0,0,0,0,0,1,0,0,0,0,0,0,0,0,0,0,0,0,0,0,0,0,0,0,0,0,0,0,0,0,0,0,0,0,0,0,0,0,0,1,16,43,10008.63697,4354.11762,22809.66752,10008.63697,0,10468.07141
Spring Lake (1),7/26/2005,2005,Avon,41.77849,-72.82611,CT,CAES,N,15.05,1.491,2,N,0,0,0,0,0,0,0,0,0,0,0,0,0,0,7,0,7,0.049,8.7,177.5,39.38,0.8,0,0,0,0,0,0,0,0,1,0,0,0,0,0,0,0,0,0,0,0,1,0,0,0,0,0,0,0,0,0,0,0,0,0,0,0,0,0,0,0,0,0,0,0,0,0,0,0,0,1,0,0,0,1,0,0,0,0,0,0,0,0,0,0,0,0,0,0,0,0,0,0,1,0,0,0,0,0,0,0,0,0,0,1,0,0,0,0,0,0,0,0,0,0,0,0,0,0,0,1,0,0,0,0,0,0,0,0,0,0,0,0,0,0,0,0,0,0,0,26,75,5273.149344,7439.868154,5273.149344,4354.11762,0,2602.708269
Spring Lake (2),9/24/2009,2009,Southington,41.60271,-72.86369,CT,CAES,N,3.08,1.978,1.3,Y,0.0535,0.0535,0.0535,0.0535,0,0,1,0,0,0,0,1,0,0,6,2,4,0.017,9.2,263,165,1.3,0,0,0,0,1,0,0,0,0,0,0,0,0,0,0,0,0,0,0,0,0,0,0,0,0,0,0,0,0,0,0,0,0,0,0,0,0,0,0,0,0,0,0,0,0,0,0,0,0,0,0,0,0,1,0,0,0,0,0,0,0,0,0,0,0,0,0,0,0,0,0,0,1,0,0,0,0,0,0,0,0,0,0,0,0,1,0,0,0,0,0,0,0,0,0,0,0,0,0,0,0,0,0,0,0,0,0,0,0,0,0,0,0,0,0,0,0,0,2,22,94,7439.868154,16919.95956,7656.66375,7439.868154,0,12288.29401
Squantz Pond,7/19/2011,2011,New Fairfield,41.51512,-73.47843,CT,CAES,N,107.65,2.274,12,N,0,0,0,0,0,0,0,0,0,0,0,0,0,0,11,0,11,0.0065,6.6,119.5,27.4,3.5,0,0,0,0,0,0,0,0,1,0,0,0,0,1,0,0,1,0,0,0,1,0,0,0,0,0,0,0,0,0,0,0,0,0,0,0,0,0,0,0,0,0,0,0,0,0,0,0,0,1,1,0,0,1,0,0,0,0,0,0,0,0,0,0,0,0,1,0,0,0,1,0,0,0,0,0,0,0,0,0,0,0,0,0,0,0,0,0,0,0,0,0,0,0,0,0,0,1,0,0,0,1,0,0,0,0,0,0,0,0,0,0,0,0,0,0,0,0,1,16,60,6956.426107,12970.32007,18706.39641,6956.426107,1,11681.85405
Staffordville Reservoir,combined,comb,Stafford Springs,42.01228,-72.25539,CT,CAES,Y,60.3,2.435,3.5,N,0,0,0,0,0,0,0,0,0,0,0,0,0,0,33,0,33,0.0227,6.175,65.75,10.6875,2.75,0,0,1,0,0,0,0,0,0,1,0,0,1,0,0,1,1,0,0,0,1,1,0,0,1,0,1,0,0,0,0,0,0,0,1,0,0,0,0,0,0,0,0,0,0,0,1,0,0,0,1,1,0,0,0,0,1,1,0,0,1,0,0,0,0,0,1,0,0,0,1,0,0,1,0,0,0,0,1,0,0,0,1,0,0,1,0,0,0,0,0,1,0,1,0,0,0,1,0,0,0,0,0,0,0,0,1,1,1,1,0,1,1,0,1,1,0,0,1,41,128,12970.32007,10248.58546,29831.2059,12970.32007,0,8019.605561
Sylvan Lake,9/8/2005,2005,Watertown,41.59868,-73.07024,CT,CAES,N,3.68,1.334,2,N,0,0,0,0,0,0,0,0,0,0,0,0,0,0,9,0,9,0.024,6.25,138,13.88,1.4,0,0,1,0,0,0,0,0,0,0,0,0,0,0,0,0,1,0,0,0,0,0,0,0,0,0,0,0,0,0,0,0,0,0,0,0,0,0,0,0,0,0,0,0,0,0,1,0,0,0,1,0,0,1,0,0,0,0,0,0,0,0,0,0,0,0,0,0,0,0,1,0,1,0,0,0,0,0,0,0,0,0,0,0,0,0,0,0,0,0,0,0,0,1,0,0,0,0,0,0,0,0,0,0,0,0,0,0,0,0,0,0,0,0,0,1,0,0,0,22,72,2315.243744,1107.151323,17224.40449,2315.243744,0,1450.89346
Talmadges Ice Pond,7/7/2005,2005,Branford,41.26764,-72.78897,CT,CAES,N,0.45,1.273,1,Y,0.0797,0.0797,0.0797,0.0797,0,0,1,0,0,0,0,0,0,0,4,1,3,0.107,7.55,204.5,71.63,1,0,0,1,0,0,0,0,0,0,0,0,0,0,0,0,0,0,0,0,0,0,0,1,0,0,0,0,0,0,0,0,0,0,0,0,0,0,0,0,0,0,0,0,0,0,0,0,0,0,0,0,0,0,0,0,0,0,0,0,0,0,0,0,0,0,0,0,0,0,0,0,0,1,0,0,0,0,0,0,0,0,0,0,0,0,0,0,0,0,0,0,0,0,0,0,0,0,0,0,0,0,0,0,0,0,0,0,0,0,0,0,0,0,0,0,0,0,0,2,15,46,1107.151323,20300.16915,1107.151323,1107.151323,0,14757.40921
Taunton Lake,combined,comb,Newtown,41.41,-73.33179,CT,CAES,Y,50.19,1.485,10,Y,0.0031,0.0062,0.0062,0,0,0,0,0,0,0,1,0,0,0,10,1,9,0.1485,7.4,147.5,34.5,2,0,0,0,0,0,0,0,0,0,0,0,0,0,1,0,0,0,0,0,0,1,0,0,0,0,0,1,0,0,0,0,0,0,0,0,0,0,0,0,0,0,0,0,0,0,0,0,0,0,1,0,0,0,0,0,0,1,0,0,0,0,0,0,0,0,0,0,0,0,0,1,0,1,0,1,0,0,0,0,0,0,0,0,0,0,0,0,0,0,0,0,0,0,1,0,0,0,0,0,0,0,0,0,0,0,0,0,0,0,0,0,0,0,0,0,0,0,0,1,15,71,12576.19693,7545.38851,21111.65669,8785.080034,0,15286.84503
Tilleys Pond,9/1/2005,2005,Darien,41.07807,-73.47213,CT,CAES,Y,0.83,1.367,0.8,Y,0.86,1,1,0.72,0,0,1,0,0,0,1,0,0,1,4,3,1,0.232,6.3,181,42.75,0.8,0,0,0,0,0,0,0,0,0,0,0,0,0,0,0,0,0,0,0,0,1,0,0,0,0,0,0,0,0,0,0,0,0,0,0,0,0,0,0,0,0,0,0,0,0,0,0,0,0,0,0,0,0,0,0,0,0,0,0,0,0,0,0,0,0,0,0,0,0,0,0,0,0,0,0,0,0,0,0,0,0,0,0,0,0,0,0,0,0,0,0,0,0,0,0,0,0,0,0,0,0,0,0,0,0,0,0,0,0,0,0,0,0,0,0,0,0,0,1,28,69,964.595521,16648.54086,964.595521,964.595521,0,28630.73515
Timber Lake,9/7/2006,2006,Sherman,41.53585,-73.51186,CT,CAES,N,4.86,1.331,3,N,0,0,0,0,0,0,0,0,0,0,0,0,0,0,17,0,17,0.021,6.7,68.45,28.85,2.7,0,0,1,0,0,0,0,0,0,1,1,0,0,0,0,0,0,0,0,0,0,0,0,0,0,0,0,0,0,0,0,0,0,0,0,0,0,1,0,0,0,0,0,0,0,0,0,0,0,0,1,0,0,1,0,0,1,0,0,0,0,0,0,0,0,0,1,0,1,0,1,0,0,1,0,0,0,0,0,0,0,0,0,0,0,1,0,0,0,0,0,0,0,0,0,1,0,1,0,0,1,0,0,1,0,0,1,0,0,0,0,0,0,0,0,0,0,0,3,11,51,8195.937211,20529.28319,16648.54086,8195.937211,0,21298.85871
Town Mill Pond,7/30/2009,2009,Guilford,41.29348,-72.69152,CT,CAES,Y,1.17,1.443,2,Y,0.0472,0.0472,0.0472,0.0472,0,0,1,0,0,0,1,0,0,0,12,2,10,0.0425,6.35,124.5,45.9,2,0,0,0,0,0,0,0,0,1,0,0,0,0,0,0,0,0,0,0,0,1,0,0,0,0,0,0,0,0,0,0,0,0,0,0,0,0,0,0,0,0,0,0,0,0,0,0,0,0,0,0,0,0,0,0,0,1,1,0,0,0,1,0,0,0,0,1,0,1,0,0,0,0,0,0,0,0,0,0,0,0,0,0,0,0,0,0,0,1,0,0,0,0,0,0,0,1,0,0,0,0,1,0,0,0,0,0,0,0,0,0,0,0,0,0,0,0,0,1,20,58,5323.4371,7547.048697,5624.860303,5323.4371,0,16500.87937
"Twin Lake, North",combined,comb,Simsbury,41.82003,-72.82271,CT,CAES,Y,5.42,2.316,2,Y,0.0714,0.1013,0.1013,0.0416,0,0,0,0,0,0,1,0,0,0,16,1,15,0.0421,7.1,250.75,46.5,1.5,0,0,0,0,0,0,0,0,1,0,0,0,0,1,0,0,1,0,0,0,1,0,0,0,0,0,0,0,0,0,0,0,0,0,0,0,1,0,0,0,0,0,0,0,0,0,0,0,0,1,1,0,0,1,0,0,0,0,0,0,0,0,0,0,0,0,1,0,0,0,1,0,1,0,0,0,0,0,0,0,0,0,0,1,0,1,0,0,0,0,0,0,0,1,0,0,0,0,0,1,0,0,0,0,0,0,0,0,0,0,0,0,0,0,0,0,0,0,1,16,60,4589.606179,271.9329145,4589.606179,271.9329145,0,374.8522734
"Twin Lake, South",7/5/2012,2012,Simsbury,41.81764,-72.82342,CT,CAES,N,6.6,1.197,3.5,Y,0.0401,0.0401,0.0401,0.0401,0,0,0,0,0,0,1,0,0,0,10,1,9,0.0218,7.5,313.5,62.25,2,0,0,1,0,0,0,0,0,1,0,0,0,0,0,0,0,0,0,0,0,1,0,0,0,0,0,0,0,0,0,0,0,0,0,0,0,0,0,0,0,0,0,0,0,0,0,0,0,0,1,1,0,0,0,0,0,0,0,0,0,0,1,0,0,0,0,1,0,0,0,0,0,1,0,0,0,0,0,0,0,0,0,0,1,0,0,0,0,0,0,0,0,0,0,0,0,0,0,0,0,0,0,0,0,0,0,0,0,0,0,0,0,0,0,0,0,0,0,1,17,62,4544.902546,271.9329145,4544.902546,271.9329145,0,29118.10324
Tyler Lake,combined,comb,Goshen,41.83768,-73.26142,CT,CAES,Y,75.68,1.746,7,N,0,0,0,0,0,0,0,0,0,0,0,0,0,0,30,0,30,0.1033,6.63,114.58,39.19,2.3,1,0,0,0,0,0,0,0,1,0,0,0,0,1,0,0,0,0,0,1,0,0,0,0,0,0,1,0,0,0,0,0,0,0,0,0,0,0,0,0,0,0,0,0,0,0,0,0,0,1,1,0,1,0,0,0,1,1,0,0,0,0,0,0,0,0,1,0,1,0,0,0,0,1,0,1,0,0,1,0,0,0,0,1,0,1,1,0,1,1,1,0,1,1,0,0,0,1,0,0,0,0,0,0,0,1,1,0,1,0,1,0,0,0,1,1,0,0,2,15,58,28874.2463,21322.9886,24828.12185,21322.9886,0,1880.913816
Ulbrich Reservoir,7/18/2005,2005,Wallingford,41.44672,-72.74408,CT,CAES,N,62.32,1.764,7,Y,4.00E-04,4.00E-04,4.00E-04,4.00E-04,0,0,1,0,0,0,0,0,0,0,8,1,7,0.0285,7.4,136,61.5,2.6,0,0,0,0,0,0,0,0,1,0,0,0,0,0,0,0,0,0,0,0,0,0,0,0,0,0,0,0,0,0,0,0,0,0,0,0,0,1,0,0,0,0,0,0,0,0,0,0,0,1,1,0,0,0,0,0,0,0,0,0,0,0,0,0,1,0,0,0,0,0,1,0,0,0,0,0,0,0,0,0,0,0,0,0,0,1,0,0,0,0,0,0,0,0,0,0,0,0,0,0,0,0,0,0,0,0,0,0,0,0,0,0,0,0,0,0,0,0,3,14,57,2389.352667,2389.352667,2389.352667,2389.352667,0,29235.75041
Upper Guilford Lake,8/5/2008,2008,Guilford,41.33809,-72.6815,CT,CAES,N,5.26,2.051,2,N,0,0,0,0,0,0,0,0,0,0,0,0,0,0,18,0,18,0.027,5.7,66.5,11.5,0.6,0,0,1,0,0,0,0,0,0,0,0,0,0,0,0,0,1,0,0,0,0,0,0,0,0,0,0,0,0,0,0,0,0,0,0,0,0,1,0,0,0,0,0,0,0,0,1,0,0,0,1,0,0,0,0,0,1,1,0,0,0,0,0,0,0,0,1,0,0,0,1,0,0,1,0,0,0,0,1,0,0,0,0,0,0,1,0,0,0,0,0,0,0,0,1,0,0,0,0,0,0,0,0,1,0,0,1,1,0,0,0,1,0,0,1,0,0,0,3,24,66,4285.368698,5025.234075,6789.353187,4285.368698,0,3211.709805
Upper Moodus Reservoir,7/16/2012,2012,East Haddam,41.504,-72.407,CT,CAES,N,178.06,2.82,3,Y,0.0022,0.0022,0.0022,0.0022,0,0,1,0,0,0,0,1,0,0,36,2,34,0.0697,6.55,55,9.375,1.5,1,0,1,1,1,0,0,0,1,1,0,0,0,0,0,1,1,0,0,0,1,1,0,0,1,0,1,0,0,0,0,0,0,0,0,0,1,0,0,0,0,0,0,0,1,0,0,0,0,0,1,0,0,0,0,0,1,1,0,0,0,0,0,0,0,0,1,0,1,0,1,0,1,1,0,1,0,0,0,0,0,0,0,0,1,1,0,0,1,0,0,0,0,1,0,0,0,1,0,0,0,0,0,0,0,0,1,0,1,0,1,1,1,0,0,1,0,0,6,36,75,1714.060582,20650.79213,27113.70233,1714.060582,1,15348.66259
Wah Wah Taysee Pond,9/21/2009,2009,North Haven,41.41692,-72.8846,CT,CAES,N,0.57,1.15,2,Y,0.0153,0.0153,0.0153,0.0153,0,0,1,0,0,0,0,0,0,0,5,1,4,0.028,7.15,132,93.05,2,0,0,0,0,0,0,0,0,0,0,0,0,0,0,0,0,1,0,0,0,1,0,0,0,0,0,0,0,0,0,0,0,0,0,0,0,0,0,0,0,0,0,0,0,0,0,0,0,0,0,0,0,0,0,0,0,0,0,0,0,0,0,0,0,0,0,1,0,0,0,0,0,0,0,0,0,0,0,0,0,0,0,0,0,0,1,0,0,0,0,0,0,0,0,0,0,0,0,0,0,0,0,0,0,0,0,0,0,0,0,0,0,0,0,0,0,0,0,1,12,58,5333.966457,6910.721182,9825.455259,5333.966457,0,15434.77159
Wampum Hill Pond,9/9/2005,2005,Wilton,41.2301,-73.41338,CT,CAES,N,0.16,1.079,1.5,Y,0.8822,1,1,0.7644,0,0,1,0,0,0,1,0,0,1,9,3,6,0.178,5.85,152.5,37.88,0.7,0,0,0,0,0,0,0,0,1,0,0,0,0,0,0,0,0,0,0,0,0,0,0,0,0,0,0,0,0,0,0,0,0,0,0,0,0,1,0,0,0,0,0,0,0,0,0,0,0,0,1,0,0,0,0,0,1,0,0,0,0,0,0,0,0,0,0,0,0,0,0,0,0,0,0,0,0,0,0,0,0,0,0,0,0,1,0,0,0,0,1,0,0,0,0,0,0,0,0,0,0,0,0,0,0,0,0,0,0,0,0,0,0,0,0,0,0,0,1,19,86,5417.906336,5417.906336,8212.321617,5417.906336,0,13850.01832
Waubeeka Lake,9/28/2005,2005,Danbury,41.34991,-73.45925,CT,CAES,N,14.45,1.859,2.5,Y,8.00E-04,8.00E-04,8.00E-04,8.00E-04,0,0,1,0,0,0,0,0,0,0,13,1,12,0.013,7.25,199,48,2.4,0,0,1,0,0,0,0,0,1,0,0,0,0,0,0,0,0,1,0,1,0,0,0,0,0,0,0,0,0,0,0,0,0,0,0,0,0,0,0,0,0,0,0,0,0,0,0,0,0,1,0,0,0,1,0,0,1,1,0,0,0,0,0,0,0,0,0,0,1,0,0,0,1,0,0,0,0,0,0,0,0,0,0,0,0,0,0,0,0,0,0,0,0,0,0,0,0,0,0,0,0,0,0,0,0,0,1,0,0,0,0,0,0,0,0,0,0,1,2,46,128,6583.240369,12576.19693,13847.079,6583.240369,0,4394.708134
West Hill Pond,combined,comb,New Hartford,41.87794,-73.04411,CT,CAES,Y,99.15,1.424,13,N,0,0,0,0,0,0,0,0,0,0,0,0,0,0,25,0,25,0.0108,6.975,54.5,19.7125,8.4,0,0,0,0,1,0,0,0,0,0,1,0,0,1,0,0,0,1,0,0,1,0,0,0,0,0,1,0,0,0,0,0,0,0,1,1,0,1,0,0,0,0,0,0,0,0,0,1,0,0,1,0,0,0,1,0,1,1,0,0,0,0,0,0,0,0,1,0,1,0,1,0,1,1,0,0,0,0,0,0,0,0,0,0,0,1,0,0,1,1,0,0,0,1,0,0,0,0,0,0,0,0,0,0,0,0,0,0,0,0,0,0,1,0,0,1,0,0,1,10,48,12210.40029,12210.40029,12500.48413,12210.40029,1,6504.221394
West Lake,combined,comb,Guilford,41.33899,-72.7341,CT,CAES,Y,21.12,1.487,5,N,0,0,0,0,0,0,0,0,0,0,0,0,0,0,29,0,29,0.0502,7.075,236,69.2,2.5,0,0,1,0,0,0,0,0,1,1,0,1,0,1,0,0,1,0,0,0,0,1,0,0,0,0,0,0,0,1,0,0,0,0,0,0,1,0,0,0,0,0,0,0,0,0,1,0,0,0,0,0,1,1,0,0,1,1,0,0,1,0,0,0,1,0,1,0,1,0,1,0,0,0,1,0,0,0,0,0,0,0,0,1,0,1,0,0,1,0,0,0,0,1,0,0,0,0,0,0,0,0,1,0,0,0,1,0,0,0,0,1,0,0,1,1,0,0,2,21,69,951.8113509,6185.598768,8356.473432,951.8113509,0,4729.958305
West Side Pond,combined,comb,Goshen,41.85519,-73.2565,CT,CAES,Y,16.96,1.206,9,N,0,0,0,0,0,0,0,0,0,0,0,0,0,0,27,0,27,0.2151,6.7,134.25,54.575,3.95,0,0,1,0,0,0,0,0,1,0,0,0,0,0,0,0,1,0,0,1,1,1,0,0,0,0,0,0,0,0,0,0,0,0,0,0,0,0,0,0,0,0,1,0,1,0,0,0,0,1,1,0,0,0,0,0,1,1,0,0,1,0,0,0,0,0,1,0,1,0,1,0,0,1,0,1,0,0,1,0,0,0,0,0,0,1,1,1,1,0,1,0,0,1,0,0,0,0,0,0,0,0,0,0,0,0,0,0,0,0,0,1,0,0,0,1,0,0,1,14,55,28612.53206,20964.43429,26487.01006,20964.43429,1,4476.226209
Williams Brook (Highland Lake) ,9/2/2005,2005,Ledyard,41.43822,-71.96957,CT,CAES,N,3.2,1.36,2,Y,9.00E-04,9.00E-04,9.00E-04,9.00E-04,0,0,1,0,0,0,0,0,0,0,10,1,9,0.074,6,97.5,13.5,1.5,0,0,1,0,0,0,0,0,0,0,0,0,0,0,0,0,0,1,0,0,0,0,0,0,0,0,0,0,0,0,0,0,0,0,0,0,0,0,0,0,0,0,0,0,0,0,0,0,0,0,1,0,0,0,0,0,1,1,0,0,0,0,0,0,0,0,1,0,0,0,1,0,0,1,0,0,0,0,0,0,0,0,0,0,1,0,0,0,0,0,0,0,0,0,0,0,0,0,0,0,0,0,0,0,0,0,0,0,0,0,0,0,0,0,0,0,0,0,0,21,69,14725.67635,14725.67635,15064.41476,14725.67635,0,13419.0051
Williams Pond,6/23/2009,2009,Lebanon,41.63494,-72.3087,CT,CAES,N,101.17,2.211,2.3,N,0,0,0,0,0,0,0,0,0,0,0,0,0,0,18,0,18,0.0135,6.9,56,12,2.3,0,0,1,0,0,0,0,0,0,0,0,0,0,1,0,0,1,0,0,0,0,1,0,0,0,0,1,0,0,0,0,0,0,0,0,0,0,1,0,0,0,0,0,0,1,0,0,0,0,0,0,0,1,0,0,0,1,1,0,0,0,0,0,0,0,0,0,0,0,0,1,0,0,1,0,0,0,0,0,0,0,0,0,0,1,0,0,0,1,0,0,0,0,0,0,0,0,0,0,0,0,0,0,0,0,0,1,0,0,0,0,1,0,0,1,1,0,0,2,17,60,16381.23395,19668.32428,16698.08472,16381.23395,0,27137.49874
Winchester Lake,9/5/2007,2007,Winchester,41.90873,-73.15069,CT,CAES,N,99.55,2.388,5.182,N,0,0,0,0,0,0,0,0,0,0,0,0,0,0,21,0,21,0.0035,6.85,34,4.15,3,0,0,1,0,0,0,0,0,0,0,0,0,0,0,0,1,1,0,0,1,0,1,0,0,1,0,0,0,0,0,0,0,0,1,0,0,0,0,0,0,0,0,0,0,0,0,1,0,0,0,0,0,0,0,0,0,1,1,0,0,0,0,0,0,0,0,1,0,1,0,1,0,0,1,0,0,0,0,1,0,0,0,0,0,1,0,0,0,0,0,0,0,0,0,0,0,0,1,0,0,0,0,0,0,0,0,0,0,0,0,0,1,1,0,1,1,0,0,4,25,72,21656.71558,21656.71558,21941.3697,21656.71558,1,22401.64441
Winnemaug Lake,9/6/2005,2005,Watertown,41.58372,-73.12765,CT,CAES,N,45.69,1.965,5,N,0,0,0,0,0,0,0,0,0,0,0,0,0,0,8,0,8,0.0305,6.35,228,22.5,1.1,0,0,0,0,0,0,0,0,0,0,1,0,0,0,0,1,1,0,0,0,0,0,0,0,0,0,0,0,0,0,0,0,0,0,0,0,0,0,0,0,0,0,0,0,0,0,0,0,0,0,1,0,0,1,0,0,0,0,0,0,0,0,0,0,0,0,0,0,0,0,1,0,0,0,0,0,0,0,0,0,0,0,0,0,0,0,0,0,0,0,0,0,0,1,0,0,0,0,0,0,0,0,0,0,0,0,0,0,0,0,0,0,0,0,0,1,0,0,1,20,69,3169.810811,6809.160603,22107.59976,3169.810811,0,7767.714189
Wintergreen Lake,9/20/2010,2010,Hamden,41.35391,-72.96891,CT,CAES,Y,17.97,1.751,8,N,0,0,0,0,0,0,0,0,0,0,0,0,0,0,15,0,15,0.0377,6.2,38.2,9,2.5,0,0,1,0,0,0,0,0,1,0,0,0,0,1,0,0,1,0,0,1,1,1,0,0,0,0,0,0,0,0,0,0,0,0,0,0,0,1,0,0,0,0,0,0,0,0,0,0,0,0,1,0,0,0,0,0,0,1,0,0,0,0,0,0,0,0,1,0,0,0,1,0,0,1,1,0,0,0,0,0,0,0,0,0,0,0,0,0,0,0,0,0,0,0,0,0,0,0,0,0,0,0,0,0,0,0,0,0,0,0,0,1,0,0,0,0,0,0,2,31,84,5196.580078,7071.664376,11985.13358,5196.580078,0,15638.7486
Woodridge Lake,6/8/2010,2010,West Hartford,41.73685,-72.76538,CT,CAES,N,24.28,2.003,2,N,0,0,0,0,0,0,0,0,0,0,0,0,0,0,3,0,3,0.0361,7.95,413.5,69.4,2,0,0,0,0,0,0,0,0,0,0,1,0,0,0,0,0,0,0,0,0,0,0,0,0,0,0,0,0,0,0,0,0,0,0,0,0,0,0,0,0,0,0,0,0,0,0,0,0,0,0,0,0,0,0,0,0,0,0,0,0,0,0,0,0,0,0,0,0,0,0,0,0,1,0,0,0,0,0,0,0,0,0,0,0,0,1,0,0,0,0,0,0,0,0,0,0,0,0,0,0,0,0,0,0,0,0,0,0,0,0,0,0,0,0,0,0,0,0,1,17,79,5527.800347,10188.55347,7416.402471,5527.800347,0,5622.811683
Wyassup Lake,6/26/2013,2013,North Stonington,41.49105,-71.87221,CT,CAES,N,40.8,1.421,8,N,0,0,0,0,0,0,0,0,0,0,0,0,0,0,19,0,19,0.0358,6.25,56,15.8,2.2,0,0,0,0,1,0,0,0,0,0,0,0,0,1,0,0,1,0,0,0,0,1,0,0,1,0,0,0,0,0,0,0,0,0,0,0,1,0,0,0,0,0,0,0,1,0,0,0,0,0,1,0,1,0,0,0,1,1,0,0,0,0,0,0,0,0,0,0,0,0,1,0,0,0,0,0,0,0,0,0,0,0,0,0,0,1,0,0,1,0,0,0,0,1,0,0,0,0,0,0,0,0,0,0,0,0,1,0,1,0,0,1,0,0,0,1,0,0,1,6,41,8097.112182,8097.112182,8097.112182,8097.112182,1,3152.60021
Young's Pond,7/1/2009,2009,Branford ,41.27087,-72.77647,CT,CAES,Y,1.7,1.461,1,Y,0.9377,1,1,0.8755,0,0,1,0,0,0,1,1,0,0,8,3,5,0.0725,6.75,181,73.9,0.3,0,0,0,1,0,0,0,0,1,0,0,0,0,0,0,0,0,0,0,0,0,0,0,0,0,0,0,0,0,0,0,0,0,0,0,0,0,0,0,0,0,0,0,0,0,0,0,0,0,0,0,0,0,0,0,0,0,1,0,0,0,0,0,0,0,0,0,0,0,0,0,0,0,0,0,0,0,0,0,0,0,0,0,0,1,0,0,0,0,0,0,0,0,0,0,0,0,0,0,0,0,0,0,0,0,0,1,0,0,0,0,0,0,0,0,0,0,0,3,14,50,1107.151323,3441.637322,13013.14786,1107.151323,0,21846.8785
