"FP_presence","surfacearea_ha","shoreline_development","TOTP_avg","PH_avg","COND_avg","secchi_avg","waterbodies_1km","waterbodies_10km","dist_waterfowl","nearest_LMSPW","latitude","longitude","boatlaunch"
0,0.833324071350885,0.548692842842602,0.41424637931317,0.309766202947622,0.100658184977819,0.861509419409697,0,0.382441166574199,0.786927405121592,0.434406591695982,0.839935327405012,0.0609803353656613,0
0,0.715238446379546,0.496990535782392,0.378498910434944,0.57581619488925,0.484424743284644,0.44688946943977,0,0.34040858027179,0.35073157903031,0.513699032888401,0.484236054971706,0.102776821678448,1
0,0.807618421091817,0.529207093727018,0.511847099457515,0.569057420585547,0.319981135179431,0.685088897852894,0.356207187108022,0.34040858027179,0.354518584213157,0.745815488048342,0.601455133387227,0.303122978813468,0
0,0.590246446643705,0.589695559357669,0.607686706256672,0.435308338113965,0.28225415633462,0.37702065917732,0,0.215714494969948,0.51798271234382,0.489198813978708,0.477768795472918,0.0588976582262539,1
0,0.775468857289039,0.452805039739525,0.295582195695986,0.473749143551861,0.355774336553455,0.505191321345281,0,0.280602874784556,0.552061026573303,0.644540130955603,0.700889248181083,0.31926508507491,0
1,0.290738336849615,0.427872379448762,0.465052594199629,0.448297436426133,0.510822239404155,0.354139964965279,0,0.36867673390355,0.533821288251479,0.520553279878958,0.670169765561843,0.417563774209041,0
1,0.214522994664592,0.240663028205394,0.358470331694202,0.381504413920034,0.518402943525357,0.505191321345281,0.356207187108022,0.576003054081371,0.491624274404098,0.518303430515957,0.413096200485044,0.685406626339948,0
0,0.578493888276536,0.334805316874528,0.209624865826015,0.448297436426133,0.414059945449769,0.32958919328224,0.56457503405358,0.811846286031829,0.319697783539352,0.493828757771233,0.878738884397737,0.188591801397713,0
0,0.452086555763134,0.12632667956028,0.581681257075478,0.339091660532328,0.477532148822994,0.354139964965279,0.56457503405358,0.325883699054206,0.606131518450751,0.487513657158208,0.46160064672595,0.105831566327134,1
1,0.658044430975832,0.353319502146788,0.699831093664927,0.623860789520562,0.761635191934597,0.505191321345281,0.356207187108022,0.607827648457012,0.593015027529153,0.7223783069892,0.428455941794665,0.997965436143568,1
0,0.445424051620235,0.487327182482857,0.521574616784364,0.591389406593045,0.553108094343452,0.398461099069295,0.356207187108022,0.447934578007155,0.841283958167931,0.941434927628515,0.773645917542441,0.802639599684291,0
0,0.00545981276518428,0.309974229709493,0.422265499737028,0.486219223515404,0.703682963551923,0.30307654842005,0,0.496796578456642,0.463696854696867,0.57423628307605,0.5642683912692,0.357535949841893,0
0,0.934684474030227,0.57490498122932,0.289477686031282,0.279553404530667,0.188700238404266,0.808219142405657,0,0.484848444413847,0.561874278883671,0.432605331914763,0.54890864995958,0,1
0,0.593954002946316,0.593875576589384,0.33260867323219,0.546151858582979,0.736582997806859,0.505191321345281,0.356207187108022,0.786564933893547,0.52707363293928,0.437572363990225,0.196443007275667,0.770728911836198,0
1,0.479855995103794,0.293468041398388,0.495478942802374,0.733401358099905,0.833429992944306,0.505191321345281,0.56457503405358,0.742837414531463,0.916456173646984,0.148213376134237,0.541632983023444,0.564330160474832,0
1,0.715238446379546,0.453859027770345,0.387275394730925,0.714516304234679,0.529504902445292,0.633957437946705,0,0.586741680638991,0.618297151084938,0.402552897518485,0.485044462409054,0.532246643572334,1
0,0.447447908206161,0.591601094161575,0.454915925702289,0.381504413920034,0.319981135179431,0.575047685555715,0.56457503405358,0.914216861042072,0.672496350382365,0.762428653520224,0.968472109943411,0.19038819763075,1
0,0.688180056381344,0.53798009972813,0.0892856263315571,0.324537244431288,0.1595789112644,0.835698005390109,0.356207187108022,0.215714494969948,0.770118042107203,0.473854551287625,0.47696038803557,0.0465867155181371,1
1,0.0427278526139662,0.082767188875037,0.793841597560661,0.448297436426133,0.610641732838013,0.0673299207366813,0,0.668202500569082,0.368098551397177,0.20277041704197,0.0137429264349232,0.96205323192726,0
0,0.562723818271059,0.382937177024857,0.439471722519316,0.580293676374099,0.370553454238745,0.30307654842005,0,0.786564933893547,0.507577442121086,0.685042958431547,0.901374292643492,0.240022891786889,0
0,0.335444582579847,0.231754282363042,0.528155121437953,0.395240825150466,0.513365580617868,0.611467938969033,0.712414374216044,0.742837414531463,0.943505954736411,0.473956131156798,0.301535974130962,0.284738745277976,0
0,0.636872652305927,0.27868515344066,0.33260867323219,0.353434454894143,0.35286084785667,0.71287424420473,0.712414374216044,0.836464872118203,0.425804339728491,0.604428226796361,0.946645109135004,0.155904561807773,1
1,0.475144302253241,0.644106703324362,0.522914072079937,0.24840983878877,0.450138411322539,0.455822669619954,0.56457503405358,0.435252227110758,0.57589763068413,0.714478605575058,0.535974130962005,0.138243874240509,0
0,0.795404804235071,0.31138534493627,0.299131452938559,0.367570474107502,0.448339761403413,0.644731037267261,0.356207187108022,0.542957583464084,0.613910095998082,0.233022317913259,0.780921584478577,0.361207314822786,1
0,0.727742778010116,0.446964289487111,0.420695324284604,0.360528014445475,0.421076555222639,0.62287635417217,0.712414374216044,0.472726142037638,0.484220499171239,0.324682184068562,0.788197251414713,0.357331068539005,1
0,0.568071445442462,0.599876872283162,0.424846761659985,0,0.294218746300936,0.24252452639936,0.56457503405358,0.484848444413847,0.448705539976748,0.406501298531538,0.801131770412288,0.354389119579414,1
1,0.418078063733699,0.357843926679281,0.301452731855997,0.294773368863039,0.934149984641966,0.30307654842005,0,0.447934578007155,0.261072214948145,0.697018787764817,0.767178658043654,0.372957305730071,1
1,0.475721795858274,0.435603642979552,0.562511074618379,0.49852358833636,0.586078265187628,0.418645696606134,0.712414374216044,0.803494850513992,0.786350189432226,0.567809795715795,0.330638641875505,0.185420687490548,0
1,0.386953113799035,0.602473585552206,0.712975116202589,0.53447661332395,0.686649458553977,0.418645696606134,0.56457503405358,0.354669282925121,0.493089632145117,0.34929243061909,0.246564268391269,0.572896457872082,0
0,0.108817387750745,0.141775887017751,0.455334761188717,0.862517968141546,0.723114881877748,0.505191321345281,0.712414374216044,0.18102461611927,0.366229882579353,0.714025586490825,0.889248181083266,0.421258657992533,0
0,0.0499306890188441,0.226834443155196,0.471575293608818,0.634421401266134,0.763717323468846,0.121676093398991,0.356207187108022,0.163044425122803,0.467154318566997,0.721916742065609,0.888439773645918,0.421447435358165,0
1,0.497210778693277,0.758293924288341,0.341725539848978,0.49852358833636,0.586078265187628,0.505191321345281,0,0.668202500569082,0.391563523801558,0.480274637440815,0.147938561034762,0.798472612917747,0
0,0.663654385510455,0.693237757604595,0.174540704233369,0.395240825150466,0.414553825510772,0.562085725709523,0,0.422369475177819,0.00946368473166959,0.773906470303197,0.850444624090542,0.744300454457286,1
0,0.276196148266444,0.789992766059234,0.348645831518454,0.473749143551861,0.366633981154348,0.398461099069295,0.356207187108022,0.460423641386805,0.49931514093487,0.452651449512567,0.257881972514147,0.413698475095925,0
1,0.611391250971641,0.700091013141543,0.596885104886832,0.623860789520562,0.592359862368878,0.575047685555715,0,0.531651732068602,0.283038436330237,0.480274637440815,0.197251414713015,0.828632446506623,0
0,0.626503720130467,0.225184867461619,0.397423782522144,0.404281871026603,0.152925971922525,0.619489153585622,0.356207187108022,0.565128895860198,0.447359860709817,0.715134923192126,0.362974939369442,0.398843121901309,1
1,0.424257685950845,0.230937302580286,0.422265499737028,0.557677790731223,0.799611237302788,0.548659630875827,0.56457503405358,0.395972179441837,0.570291936844788,0.34929243061909,0.274050121261116,0.560297906830746,0
0,0.575055831089624,0.444284627219925,0.35032789170971,0.695192622238057,0.520897429267228,0.548659630875827,0.56457503405358,0.811846286031829,0.400121280676809,0.707214919421839,0.917542441390461,0.226067860608361,0
0,0.304589473466205,0.656476467389852,0.439471722519316,0.324537244431288,0.557664438054181,0.121676093398991,0.712414374216044,0.687447957600018,0.493165948601723,0.20710526793047,0.253839935327405,0.340553710076453,0
1,0.631134704742227,0.526984913834441,0.373554276105578,0.461109774623169,0.31847944937877,0.599710297678011,0,0.484848444413847,0.624699770767469,0.74193552317027,0.826192400970089,0.0271027185192144,0
0,0.409848927571763,0.403300157184432,0.528155121437953,0.448297436426133,0.663692927215,0.633957437946705,0.356207187108022,0.484848444413847,0.395320730437256,0.166605071853614,0.292643492320129,0.537834586302321,0
0,0.935188460741836,0.564052599440184,0.446285161978095,0.522648958566721,0.27256834131275,0.665426398331394,0,0.447934578007155,0.621492360416103,0.618286609971547,0.750202101859337,0.296897456814845,1
1,0.505256458663583,0.637761742074501,0.682237981696401,0.367570474107502,0.572122960408384,0.30307654842005,0.56457503405358,0.786564933893547,0.665430512758524,0.632927621569252,1,0.412080666311545,0
0,0.484313988568189,0.767162872561957,0.459052798996013,0.435308338113965,0.496825353851977,0.408700289797248,0,0.597348645654922,0.569615371476055,0.532955339425862,0.49232012934519,0.478899573881051,1
1,0.216847389669705,0.606519236906538,0.478186701050635,0.422138574043762,0.439983851215582,0.167506127800589,0.56457503405358,0.638531522178759,0.680430856050068,0.738101361381422,0.252223120452708,0.350372810515362,0
1,0.808007228497695,0.3991773080644,0.517482801492216,0.644854625916271,0.559923194360173,0.62287635417217,0.56457503405358,0.648532592281563,0.635489307966369,0.768603987067914,0.914308811641067,0.327602396638944,0
0,0.760865731265214,0.547845954891589,0.575248722582092,0.448297436426133,0.30106717039009,0.548659630875827,0.356207187108022,0.836464872118203,0.419296425173628,0.579523290548564,0.901374292643492,0.172699657469189,0
0,0.0124995269161741,0.0393440619854906,0.35032789170971,0.53447661332395,0.377721221312851,0.505191321345281,0.356207187108022,0.677876951125258,0.472583009346181,0.458276853861318,0.349232012934519,0.706248223166664,0
1,0.240669083789163,0.799035341059307,0.547454997267724,0.591389406593045,0.678291866977593,0.398461099069295,0,0.280602874784556,0.306368008919284,0.410409765528647,0.371059013742926,0.573452309998604,0
0,0.48974070687674,0.679109919413861,0.337235207838423,0.339091660532328,0.310212707479642,0.37702065917732,0.56457503405358,0.520192927813269,0.508495809786899,0.485435000741958,0.299110751818917,0.450174881583409,0
0,0.228053779277148,0.256502787744971,0.337235207838423,0.339091660532328,0.310212707479642,0.70382490331357,0.356207187108022,0.50857626311551,0.488649431683305,0.478573351999227,0.296685529506871,0.452141715590639,0
0,0.409848927571763,0.27643211332133,0.269554860911301,0.510665709239921,0.31847944937877,0.575047685555715,0.356207187108022,0.36867673390355,0.494257303030801,0.387140104467808,0.672594987873888,0.389310770715453,0
1,0.0774692740163815,0.431754028142987,0.509240178958598,0.742684306929163,0.875294127465147,0.30307654842005,0.56457503405358,0.576003054081371,0.310327472183044,0,0.622473726758286,0.475526575766035,0
1,0.223651680332411,0.446964289487111,0.69048089514644,0.714516304234679,0.848005314124088,0.274223282967681,0.56457503405358,0.576003054081371,0.651011508675721,0,0.621665319320938,0.476313718960569,0
1,0.624176908851699,0.420011329729754,0.507476693372359,0.408784119323939,0.27550309337779,0.30307654842005,0.712414374216044,0.163044425122803,0.618290493831431,0.714478605575058,0.536782538399353,0.0465312394695843,0
0,0.617219725246864,0.194641231513643,0.479972768286186,0.61317030196033,0.555392792451402,0.575047685555715,0.56457503405358,0.484848444413847,0.316211569006859,0.948521111751136,0.792239288601455,0.828514313550106,1
1,0.256262935226118,0.344146873107665,0.604172799921256,0.546151858582979,1,0.398461099069295,0.56457503405358,0.597348645654922,0.854085805930936,0.166453823740098,0.000808407437348424,0.96026913871733,0
1,0.310274646033398,0.324603567298553,0.496754587782329,0.510665709239921,0.653073445019974,0.354139964965279,0,0.496796578456642,0.360349818168403,0.60689665971576,0.575586095392078,0.74548590090062,0
1,0.368174589238034,0.413741548004042,0.517482801492216,0.580293676374099,0.614595453486332,0.354139964965279,0.356207187108022,0.460423641386805,0.521357345792285,0.352262124028078,0.493128536782538,0.770870040242521,0
0,0.478582745890854,0.440506726860869,0.283119938751633,0.557677790731223,0.633812558216687,0.455822669619954,0.356207187108022,0.687447957600018,0.758360845448567,0.633789914945185,0.624898949070331,0.681995693829977,0
1,0.362971175530999,0.154976039122186,0.682874743630386,0.742684306929163,0.239025852764068,0,0,0.628415770697609,0.52641471128892,0.424853602352491,0.357316087308003,0.654443751775985,0
0,0.382254369494906,0.328708591435736,0.422265499737028,0.468713914325189,0.34956920807806,0.545915460867184,0.356207187108022,0.484848444413847,0.791110188589701,0.344769732611086,0.273241713823767,0.499001223531732,0
0,0.617759025327442,0.669981858879333,0.327837484359742,0.546151858582979,0.550810177304254,0.473043269707926,0.356207187108022,0.597348645654922,0,0.260384676304849,0.161681487469685,0.809532510054293,0
0,0.349573500759961,0.45438511015961,0.307106445679618,0.655162887291864,0.633812558216687,0.587579191613462,0.712414374216044,0.618182227692989,0.761695482811445,0.5603822300875,0.720291026677445,0.595874640348096,0
0,1,0.461687084440775,0.269554860911301,0.422138574043762,0.364563732075682,0.505191321345281,0.356207187108022,0.618182227692989,0.449103533484278,0.697919729270654,0.478577202910267,0.242114421326739,1
0,0.0499306890188441,0.261167067016474,0.553008233880681,0.324537244431288,0.353250691125722,0.24252452639936,0,0.34040858027179,0.218752027518846,0.667428277696963,0.350848827809216,0.432344163029531,0
0,0.64320441944746,0.300708237555225,0,0.435308338113965,0.244409361281318,0.562085725709523,0,0.354669282925121,0.875364367870104,0.607555995726018,0.547291835084883,0.43540199408929,0
0,0.561635646285971,0.579243445436576,0.0647696567776499,0.0769873932783223,0,0.848798264699798,0,0.311082953162733,0.586219884943651,0.483640752288851,0.501212611156023,0.0110737458082473,1
1,0.656901905602977,0.462720691946561,0.198790497501583,0.408784119323939,0.198975107100332,0.633957437946705,0.56457503405358,0.706289701554232,0.364781631252505,0.825721940736703,0.818916734033953,0.178172329392046,1
1,0.327957412192162,0.172434305417166,0.591258946374771,0.569057420585547,0.761635191934597,0.354139964965279,0,0.733836947942287,0.679640984921284,0.556178432504799,0.647534357316087,0.599436654369959,0
1,0.617759025327442,0.379869412368203,0.676094815393588,0.695192622238057,0.753915142937012,0.505191321345281,0.356207187108022,0.325883699054206,0.490488464820405,0.984601410219409,0.66127728375101,0.970433948579033,1
0,0.792235428747078,0.616272539838723,0.304869959753872,0.422138574043762,0.447135861744234,0.55543295797238,0.356207187108022,0.531651732068602,0.647167084972994,0.433125646292321,0.489086499595796,0.301173977936044,1
0,0.486503657562611,0.258061970338673,0.33260867323219,0.714516304234679,0.673196862830955,0.575047685555715,0.56457503405358,0.677876951125258,0.471473278913144,0.239829009549811,0.117219078415521,0.90732816784424,0
0,0.524194378796326,0.506911729710877,0.35032789170971,0.294773368863039,0.352470577656463,0.489474485401845,0.56457503405358,0.36867673390355,0.690671780504083,0.641359921692003,0.383993532740501,0.440041708398308,0
0,0.603930465968251,0.473432773722339,0.31255867319446,0.714516304234679,0.444109114400195,0.30307654842005,0.827087475346916,0.715565234093397,0.644651409671759,0.286965488976964,0.518997574777688,0.527018850478171,0
0,0.39243969420227,0.393824130055735,0.474549631321223,0.655162887291864,0.579697422506625,0.24252452639936,0.712414374216044,0.668202500569082,0.778327869975067,0.294494511369556,0.515763945028294,0.526153531148309,0
0,0.538525239404642,0.277935187614376,0.483482470076347,0.655162887291864,0.575386659389466,0.418645696606134,0.712414374216044,0.668202500569082,0.90245514175653,0.239918008729415,0.508488278092158,0.527157307089083,0
0,0.466108516362042,0.604685558568306,0.110474268538975,0.602347382744344,0.198668483306641,0.30307654842005,0.356207187108022,0.769321391698372,0.749337267236018,0.328783945761844,0.524656426839127,0.530878898744099,0
0,0.342642785785469,0.205860494951712,0.424846761659985,0.395240825150466,0.372220246220352,0.587579191613462,0.827087475346916,0.484848444413847,0.507779905589456,0.615734614417334,0.427647534357316,0.25793932503498,1
1,0.216847389669705,0.291276555674602,0.514832263965851,0.510665709239921,0.915670080035315,0.24252452639936,0.356207187108022,0.724746922236259,0.556076791814247,0.456317958445653,0.119644300727567,0.939843912471971,0
0,0.22586571564873,0.265023757217411,0.174540704233369,0.49852358833636,0.246007638149213,0.73038580296814,0.712414374216044,0.484848444413847,0.859868994343537,0.645103850691836,0.515763945028294,0.459203077942561,0
0,0.911377141827625,1,0.362383849853988,0.685361200748481,0.726144214253672,0.505191321345281,0.712414374216044,0.811846286031829,0.789649413381296,0.175567145324649,0.282942603071948,0.751790553042221,1
0,0.355433572810604,0.300708237555225,0.459052798996013,0.216289112677175,0.0943106360367637,0.354139964965279,0.712414374216044,0.248856622929174,0.290043656800085,0.953124863390179,0.997574777687955,0.684069011913537,1
1,0.260423634542068,0.615558546385685,0.565548683490959,0.408784119323939,0.658416859893439,0.418645696606134,0,0.325883699054206,0.870496471639257,0.371359465588719,0.232821341956346,0.446694974862806,0
1,0.460563029272769,0.627517189203385,0.551913995931469,0.644854625916271,0.711561491918639,0.30307654842005,0.56457503405358,0.354669282925121,0.389494421509282,0.661291515865209,0.196443007275667,0.694066533422906,0
1,0.824536639036342,0.431754028142987,0.307106445679618,0.733401358099905,0.483741043950009,0.505191321345281,0,0.34040858027179,0.422830263957323,1,0.896523848019402,0.980493072590202,0
0,0.355433572810604,0.254939156494044,0.465052594199629,0.339091660532328,0.362101570067546,0.70382490331357,0.56457503405358,0.618182227692989,0.553205054843314,0.208649951862578,0.250606305578011,0.340638961090974,0
0,0.128367230924656,0.374298666662515,0.517482801492216,0.546151858582979,0.402343838758119,0.505191321345281,0.356207187108022,0.795068264476883,0.953751285219206,0.456428297463511,0.303961196443007,0.361879093257363,0
0,0.314427625417273,0.305005166323909,0.461079404258708,0.510665709239921,0.473336087400247,0.225400802701201,0,0.472726142037638,0.640245048469567,0.311662158493523,0.31770412287793,0.516316149098181,0
1,0.135647385583671,0.27943407470558,0.511847099457515,0.591389406593045,0.6243161330117,0.37702065917732,0.356207187108022,0.422369475177819,0.382206777150033,0.410666881915437,0.782538399353274,0.555781228224541,0
1,0.276196148266444,0.283905790996328,0.520223066699352,0.760940447315828,0.5196521789982,0.24252452639936,0.356207187108022,0.496796578456642,0.651570725055268,0.352262124028078,0.469684721099434,0.753646140693703,0
0,0.373236780112825,0.312089476256307,0.516093630895205,0.486219223515404,0.470512817959601,0.694566729879716,0,0.264895661827872,0.276142169557544,0.649047502381,0.865804365400162,0.699901539344177,0
0,0.43261534356056,0.144629085356623,0.691083032339735,0.486219223515404,0.809714054639038,0.771131264430788,0.712414374216044,0.36867673390355,0.151952824992572,0.0763437055722089,0.270008084074373,0.563097785778042,0
0,0.692963730434057,0.673050794130448,0.60246235997255,0.618531938357495,0.397378245651239,0.481352592422235,0.356207187108022,0.311082953162733,0.355633130710612,0.641312135274938,0.63055780113177,0.81048212037484,0
1,0.735134705931312,0.656476467389852,0.44404802563075,0.402036341441535,0.338533873880379,0.464536800747764,0.827087475346916,0.586741680638991,0.791885022713444,0.896240336911665,0.484236054971706,0.354963797365763,1
0,0.177805142362102,0.206714487557516,0.33260867323219,0.53447661332395,0.259038463110269,0.437724797187695,0.56457503405358,0.733836947942287,0.668958947900012,0.651206962889756,0.353274050121261,0.330555008720138,0
1,0.0609062242831647,0.528763593929142,0.706935977281556,0.655162887291864,0.483056122049149,0.207284882105165,0.356207187108022,0.106248314522275,0.705043891711625,0.473049924670562,0.43088116410671,0.604688678079487,0
1,0.76433385772601,0.402125805349529,0.557306645003542,0.580293676374099,0.634750301300513,0.274223282967681,0.356207187108022,0.264895661827872,0.493815525578888,0.244397156533524,0.407437348423606,0.55581592126509,0
1,0.670170938419989,0.480930268835442,0.510114201173101,0.787577121477105,0.773644538701333,0.398461099069295,0.356207187108022,1,0.605240646120935,0.490958593873255,0.274050121261116,1,1
0,0.507822588878877,0.665952249295371,0.467000551584703,0.395240825150466,0.437981278396643,0.418645696606134,0.356207187108022,0.55411515412565,0.347552412042849,0.382771871907833,0.61034761519806,0.754926417041956,0
0,0.635897965383095,0.589695559357669,0.450662289215916,0.448297436426133,0.5196521789982,0.611467938969033,0.56457503405358,0.687447957600018,0.857347915639906,0.526452390401539,0.294260307194826,0.390143846126767,1
1,0.166051315487004,0.318384221098034,0.636045285879174,0.602347382744344,0.881204511276671,0.354139964965279,0,0.565128895860198,0.274745292637322,0.612729265542996,0.672594987873888,0.531455988158717,0
0,0.492922537296848,0.488790319429651,0.174540704233369,0.199846941515582,0.0431516792964434,0.73038580296814,0,0.409278788663124,0.690638410554451,0.584614083028459,0.444624090541633,0.47549210347199,0
1,0.0609062242831647,0.076439574994094,0.488597945107002,0.448297436426133,0.506975730127415,0.30307654842005,0.356207187108022,0.264895661827872,0.405233810337355,0.0634228213040801,0.803556992724333,0.636671285097533,0
1,0.188862025331782,0.432305924880437,0.615337087292612,0.395240825150466,0.56440267632587,0.30307654842005,0.356207187108022,0.232468958917262,0.681391388709297,0.0634228213040801,0.805982215036378,0.638143617923501,0
0,0.375470702447173,0.0817169899991746,0.346087402922319,0.309766202947622,0.144316626624934,0.835698005390109,0,0.215714494969948,0.47740356417705,0.882031562197152,0.790622473726758,0.860520316394699,1
0,0.696571951149759,0.660613316701442,0.297957482650778,0.435308338113965,0.0338696907588653,0.505191321345281,0,0.34040858027179,0.85630428806637,0.818382472287946,0.654001616814875,0.292033660446308,1
0,0.685156054859387,0.169711834563272,0.620826423619419,0.45472546097137,0.250101544770182,0.628456527197584,0,0,0.705094335250862,0.70827597035834,0.71301535974131,0.0430201288696856,0
0,0.548642918680619,0.752560605385138,0.322912379944666,0.309766202947622,0.70999732405744,0.685088897852894,0.356207187108022,0.828329826884808,0.0611088910728427,0.753052820044534,0.937752627324171,0.224879856574174,0
0,0.520035351085936,0.47844510884315,0.268130028060115,0.53447661332395,0.383139724406133,0.575047685555715,0,0.820124113664244,0.37904187246617,0.6230113492193,0.996766370250606,0.134152647278955,0
0,0.019283193963907,0.209268827693875,0.39052030015684,0.591389406593045,0.503090681791137,0.418645696606134,0.356207187108022,0.484848444413847,0.88247901761421,0.579875322743005,0.320937752627324,0.096446825835765,0
1,0.33666373911229,0.301426831265065,0.510404412795077,0.166166346116772,0.359622369008053,0.274223282967681,0,0.447934578007155,0.716102985824631,0.621127470000997,0.379951495553759,0.768488705023749,0
1,0.613331405161437,0.292738550110897,0.560451053199317,0.675413903735687,0.489850895386143,0.32958919328224,0,0.460423641386805,0.806017735788198,0.395077986660629,0.453516572352466,0.560026050800311,1
0,0.269350231832038,0.462720691946561,0.483482470076347,0.395240825150466,0.575386659389466,0.37702065917732,0,0.50857626311551,0.713209860978505,0.506794448519426,0.313662085691188,0.472792068535495,0
1,0.0321524539752366,0.438333979313885,0.593767378120679,0.546151858582979,0.563287510713234,0.30307654842005,0.356207187108022,0.472726142037638,0.691130172851031,0.385396828501162,0.285367825383994,0.532437100831659,0
1,0.0609062242831647,0.0796113216889857,0.478186701050635,0.580293676374099,0.803426522474766,0.473043269707926,0.356207187108022,0.422369475177819,0.212986531610844,0.371359465588719,0.245755860953921,0.470643945953039,0
0,0.371228359251132,0.149354460558807,0.479972768286186,0.486219223515404,0.553108094343452,0.274223282967681,0.356207187108022,0.677876951125258,0.317449182995842,0.203815500312775,0.659660468876314,0.599715160162094,0
1,0.738018426524048,0.736494185778794,0.215778685468392,0.546151858582979,0.32697501067352,0.568622525767498,0.56457503405358,0.811846286031829,0.55072653278644,0.567809795715795,0.333063864187551,0.246338034104222,1
0,0.601228668659847,0.605786811789701,0.39052030015684,0.510665709239921,0.50439003258283,0.37702065917732,0,0.638531522178759,0.392337811158855,0.402017055264632,0.202101859337106,0.791338216003999,0
0,0.749658954597621,0.372427664124488,0.322912379944666,0.580293676374099,0.572122960408384,0.655215202053263,0.356207187108022,0.354669282925121,0.836908705222573,0.156962820965855,0.396119644300728,0.538111738846445,0
0,0.993568044486793,0.444821809545914,0.534458285697751,0.395240825150466,0.459005040007266,0.121676093398991,0.56457503405358,0.232468958917262,0.435619384864588,0.627139415620581,0.572352465642684,0.397015996941122,0
0,0.759579851149265,0.611246293604111,0.327837484359742,0.634421401266134,0.0343931694565457,0.633957437946705,0.56457503405358,0.760577713094828,0.709049568436668,0.229554104224006,0.353274050121261,0.256928853280846,1
0,0.128367230924656,0.19114469004772,0.23819932669754,0.557677790731223,0.367009110986356,0.633957437946705,0.356207187108022,0.18102461611927,0.446828307684071,0.656789001172406,0.340339531123686,0.0395544031787312,0
0,0.0321524539752366,0.0222757513243675,0.422265499737028,0.522648958566721,0.477253842817426,0.30307654842005,0.356207187108022,0.18102461611927,0.762613139000344,0.660955606912417,0.338722716248989,0.0397595461771268,0
1,0.0609062242831647,0.0199659837081487,0.633657263741348,0.473749143551861,0.616558092300376,0.520258326895531,0,0.724746922236259,0.596825388271483,0.47798293871787,0.105092966855295,0.898108751539719,0
0,0,0,0.257768155280911,0.367570474107502,0.090004046297129,0.24252452639936,0,0.55411515412565,0.415347551381837,0.60401008689288,0.385610347615198,0.304159927796286,0
1,0.044190842744476,0.234198085657887,1,0.546151858582979,0.853707627708629,0.121676093398991,0.356207187108022,0.50857626311551,0.452917539743131,0.635864507013938,0.978172999191593,0.483802670364612,0
1,0.019283193963907,0.0129876931021964,0.714446848794426,0.49852358833636,0.635685924076954,0.121676093398991,0.56457503405358,0.50857626311551,0.541080975837197,0.632927621569252,0.978172999191593,0.483233513882575,0
0,0.019283193963907,0.234198085657887,0.59769479696363,0.309766202947622,0.138072310065687,0.30307654842005,0.356207187108022,0.586741680638991,0.694398156875596,0.543641923350583,0.290218270008084,0.412932419279356,0
1,0.352107536062136,0.652615398620776,0.362383849853988,0.448297436426133,0.45607259492373,0.418645696606134,0.712414374216044,0.658421964083597,0.757528946843347,0.492885317696502,0.294260307194826,0.91074551633753,0
0,0.951808066710728,0.773990112539968,0.187139752334171,0.395240825150466,0.244676271811744,0.611467938969033,0.56457503405358,0.648532592281563,0.613202432986363,0.63538517292508,0.936944219886823,0.0150845035837214,1
1,0.690564448446105,0.725410014957879,0.0419577079648392,0.685361200748481,0.540301334752468,0.633957437946705,0,0.409278788663124,0.807326405875889,0.50825555094353,0.354890864995958,0.512218548568087,1
1,0.0725277854254657,0.114476585360746,0.346087402922319,0.381504413920034,0.274771774294795,0.32958919328224,0.356207187108022,0.724746922236259,1,0.46500306436653,0.300727566693614,0.718921734480466,0
0,0.868403324407659,0.716373907489801,0.187139752334171,0.634421401266134,0.21657400621886,0.548659630875827,1,0.836464872118203,0.852728433541388,0.442703607591952,0.321746160064673,0.286266413809109,1
1,0.0609062242831647,0.389619218741498,0.686550014429548,0.580293676374099,0.674902040149981,0.167506127800589,0.56457503405358,0.760577713094828,0.302777048724476,0.355499110928981,0.0646725949878739,0.937324259796477,0
1,0.685530896051459,0.372427664124488,0.71806284301881,0.685361200748481,0.420591321572159,0.418645696606134,0.356207187108022,0.55411515412565,0.15306575118512,0.74193552317027,0.928860145513339,0.0897972308629329,0
0,0.281170584006687,0.435603642979552,0.286966133229391,0.602347382744344,0.799611237302788,0.505191321345281,0.56457503405358,0.687447957600018,0.255469541916925,0.114938974227731,0.115602263540825,0.935972305141392,0
1,0.0674518181837949,0.297100522866899,0.607233062858132,0.769917262805963,0.483056122049149,0.207284882105165,0,0.36867673390355,0.428767378516434,0.520553279878958,0.696038803556993,0.46218140351571,0
0,0.174935389059604,0.564459792587989,0.479972768286186,0.381504413920034,0.313499361488499,0.455822669619954,0.356207187108022,0.422369475177819,0.796591618033058,0.592442737887513,0.327405012126112,0.450742536581936,0
1,0.124617752208346,0.587780739460688,0.848761770141624,0.435308338113965,0.487147410501801,0.418645696606134,0.356207187108022,0.724746922236259,0.306701596994031,0.313885269260259,0.0355699272433306,0.9499452453596,0
1,0.254383520984731,0.406806048575702,0.474549631321223,0.49852358833636,0.57321381171671,0.534731474347361,0.712414374216044,0.597348645654922,0.357525378517013,0.46500306436653,0.272433306386419,0.753041283720876,0
0,0.304589473466205,0.509240761712778,0.41424637931317,0.448297436426133,0.44258653142095,0.633957437946705,0.712414374216044,0.55411515412565,0.322937832764314,0.211062538182596,0.260307194826192,0.758350900222804,0
1,0.76211176318948,0.502215641957858,0.636045285879174,0.830089945464935,0.779361894373219,0.30307654842005,0.56457503405358,0.786564933893547,0.505938071892562,0.148213376134237,0.552950687146322,0.556243809933904,1
0,0.408200030333337,0.608708187118866,0.592935930852594,0.623860789520562,0.707640328539487,0.32958919328224,0.356207187108022,0.125685646004986,0.670189995835716,0.619796445748979,0.31770412287793,0.0665970361760351,0
0,0.515897725937177,0.379869412368203,0.499897047427625,0.930820163814137,0.623354347184231,0.24252452639936,0.356207187108022,0.607827648457012,0.872045704980716,0.403161377283911,0.757477768795473,0.5870319450007,0
1,0.260423634542068,0.609798004255756,0.337235207838423,1,0.762330331532313,0.37702065917732,0,0.607827648457012,0.283611669071738,0.532187614634076,0.577202910266775,0.608833797689683,0
0,0.872622507346288,0.704026236927555,0.187139752334171,0.546151858582979,0.492535493263619,0.685088897852894,0.356207187108022,0.36867673390355,0.310551445451495,0.495482520523796,0.485044462409054,0.970828045202724,1
0,0.765861550830757,0.746230312821986,0.381934777072214,0.441825223645413,0.310872526595205,0.605634227736621,0,0.929043535913911,0.546335890999781,0.659143410230494,0.987873888439774,0.260508218083212,0
0,0.286015798899758,0.272655990346054,0.39052030015684,0.461109774623169,0.539116246843633,0.398461099069295,0,0.520192927813269,0.359846437460422,0.280962738050572,0.573160873080032,0.729333319509904,0
1,0.0674518181837949,0.22435826191064,0.618177523865019,0.742684306929163,0.672341681464875,0.30307654842005,0.356207187108022,0.354669282925121,0.394104924586634,0.185198621716097,0.215036378334681,0.565522148887028,0
1,0.732205702622094,0.376162598318247,0.66738305721549,0.714516304234679,0.561047789170292,0.505191321345281,0.356207187108022,0.50857626311551,0.265860625113838,0.681907946383891,0.371867421180275,0.883556261530843,0
1,0.11289471479982,0.283163090471744,0.73395635517972,0.473749143551861,0.630040169206306,0.24252452639936,0,0.55411515412565,0.830791925614136,0.166453823740098,0,0.967066694742703,0
0,0.327957412192162,0.270377583010955,0.369921224364276,0.569057420585547,0.32254054709143,0.599710297678011,0.56457503405358,0.325883699054206,0.570112232345851,0.557871474309007,0.506871463217462,0.99080506838324,0
1,0.142654041642339,0.365506156057372,0.478186701050635,0.486219223515404,0.505685038063093,0.505191321345281,0,0.354669282925121,0.813777580883089,0.450354257851225,0.244139046079224,0.509257120190004,0
1,0.34498175418073,0.71556469575948,0.476742411838866,0.655162887291864,0.744973943795637,0.418645696606134,0.56457503405358,0.447934578007155,0.309871449296135,0.0140613554707695,0.799514955537591,0.585061299627192,0
1,0.376455033414442,0.157767059235276,0.375693138841478,0.733401358099905,0.827466527797742,0.505191321345281,0.56457503405358,0.50857626311551,0.451028427595279,0.0140613554707695,0.797089733225546,0.58547279142931,0
0,0.807618421091817,0.515237838373114,0.612879167410366,0.553085140871489,0.479142335933426,0.548659630875827,0.356207187108022,0.435252227110758,0.57250497899121,0.889872823371124,0.817299919159256,0.841881965467221,0
1,0.771909122347842,0.523404926908748,0.41696692234008,0.714516304234679,0.534339931105527,0.587579191613462,0.56457503405358,0.395972179441837,0.566409491425501,0.244397156533524,0.412287793047696,0.539572664407891,0
0,0.340274115410995,0.635396420395428,0.408654049337436,0.309766202947622,0.31415298557654,0.167506127800589,0.712414374216044,0.496796578456642,0.662759059984445,0.397575379966877,0.293451899757478,0.503486068488784,0
1,0.965811030603804,0.828740992226392,0.553443691800561,0.53447661332395,0.260059448309744,0.418645696606134,0.920782221161602,0.638531522178759,0.635725598284409,0.847642263101728,0.472918350848828,0.346414666391836,1
1,0.0822832259771019,0.112479090068282,0.41424637931317,0.665348546450296,0.524609546444662,0.505191321345281,0,0.422369475177819,0.687600114031749,0.424853602352491,0.379951495553759,0.620980863262878,0
1,0.0258287878645372,0.0370939359157232,0.694477300254434,0.353434454894143,0.572122960408384,0.207284882105165,0.356207187108022,0.618182227692989,0.371049506635933,0.465102200665105,0.172999191592563,0.932042302827063,0
1,0.508790950744504,0.564052599440184,0.295582195695986,0.685361200748481,0.662818180399549,0.562085725709523,0.56457503405358,0.921658372312344,0.960445504798481,0.490958593873255,0.306386418755053,0.959380165856226,0
0,0.857427256998643,0.336821538660987,0.266691855131928,0.62915717277856,0.257501165793053,1,0,0.395972179441837,0.520347374667704,0.670412928043385,0.856911883589329,0.714026461174309,1
0,0.575731666196472,0.377401311377667,0.503583117236215,0.650024228000709,0.723114881877748,0.575047685555715,0.56457503405358,0.496796578456642,0.837441628462922,0.0936901032110677,0.294260307194826,0.533810786927451,0
0,0.536870857957278,0.166062172579849,0.722703368471431,0.569057420585547,0.530112546417412,0.72607842337071,0.356207187108022,0.325883699054206,0.597334442912007,0.884606216844129,0.834276475343573,0.838973242149926,1
1,0.265830688069046,0.292008055575949,0.562511074618379,0.395240825150466,0.428596787085238,0.418645696606134,0,0.447934578007155,0.45724920657563,0.754029799529085,0.402586903799515,0.10017978338658,0
0,0.861152085956051,0.685951093909332,0.301452731855997,0.61317030196033,0.265118584118433,0.548659630875827,0.56457503405358,0.34040858027179,0.10825835324928,0.793701490158553,0.61034761519806,0.290646783725636,0
0,0.858170776808944,0.734460288204929,0.0892856263315571,0.602347382744344,0.13056266784382,0.633957437946705,0.712414374216044,0.586741680638991,0.31064843917345,0.910181258375073,0.887631366208569,0.77657527137036,1
0,0.715078711593135,0.605052992394152,0.427384689808545,0.486219223515404,0.710780120399022,0.32958919328224,0.356207187108022,0.395972179441837,0.537316846446615,0.330605918952761,0.556992724333064,0.763027992982275,0
0,0.547076250905552,0.517522224675765,0.459866715864205,0.448297436426133,0.1609618933473,0.575047685555715,0.56457503405358,0.597348645654922,0.779522645531628,0.395543497536076,0.311236863379143,0.670076256795084,0
0,0.600639314977041,0.618761013851838,0.453228846836613,0.813357467873302,0.934149984641966,0.505191321345281,0.356207187108022,0.542957583464084,0.21364336816156,0.45367051353708,0.715440582053355,0.551878869507678,0
0,0.694442181651686,0.334805316874528,0.451951029638459,0.461109774623169,0.265118584118433,0.534731474347361,0,0.106248314522275,0.544985675940262,0.559555285731636,0.459175424413905,0.0460486086972031,1
1,0.183415498672621,0.361050827543659,0.559410267954964,0.580293676374099,0.630040169206306,0,0.56457503405358,0.354669282925121,0.752514759777984,0.185198621716097,0.219078415521423,0.558290937349281,0
